device,ward,device_type,manufacturer,criticality,static_risk,behaviour_risk,gnn_risk,xgb_risk,total_risk,clinical_urgency
D0001,ICU,Ventilator,Medtronic,High,0.15,0.4662,0.0006,0.0061,0.1603,MONITOR
D0002,ICU,Ventilator,Getinge,High,0.0,0.0,0.0,0.0021,0.0008,MONITOR
D0003,EMERGENCY,Ventilator,Draeger,High,0.67,0.3677,0.0115,0.0445,0.2069,ELEVATED
D0004,EMERGENCY,Ventilator,Draeger,High,0.3,0.5799,0.0303,0.0038,0.2191,ELEVATED
D0005,EMERGENCY,Ventilator,GE Healthcare,High,0.35,0.0,0.0344,0.0041,0.0566,MONITOR
D0006,OPERATING_THEATRE,Ventilator,Medtronic,High,0.0,0.6207,0.0,0.0037,0.1855,ELEVATED
D0007,OPERATING_THEATRE,Ventilator,Draeger,High,0.93,0.0,0.6694,0.997,0.7433,CRITICAL
D0008,NICU,Ventilator,Getinge,High,0.0,0.4141,0.0,0.0048,0.126,MONITOR
D0009,PEDIATRICS,Ventilator,Medtronic,High,0.0,0.3804,0.0,0.0031,0.1114,MONITOR
D0010,ICU,Infusion Pump,Baxter,High,0.0,0.0,0.0,0.0033,0.0012,MONITOR
D0011,ICU,Infusion Pump,ICU Medical,High,0.0,0.0,0.0,0.0033,0.0012,MONITOR
D0012,ICU,Infusion Pump,Smiths Medical,High,0.0,0.0,0.0,0.0033,0.0012,MONITOR
D0013,ICU,Infusion Pump,Smiths Medical,High,0.0,0.0,0.0,0.0033,0.0012,MONITOR
D0014,ICU,Infusion Pump,Smiths Medical,High,0.0,0.5895,0.0,0.0038,0.1753,MONITOR
D0015,ICU,Infusion Pump,Smiths Medical,High,0.0,0.0,0.0,0.0033,0.0012,MONITOR
D0016,ICU,Infusion Pump,Baxter,High,0.0,0.0,0.0,0.0021,0.0007,MONITOR
D0017,GENERAL_WARD,Infusion Pump,Fresenius,High,0.0,0.5349,0.0,0.0034,0.1509,MONITOR
D0018,GENERAL_WARD,Infusion Pump,Smiths Medical,High,0.0,0.0,0.0,0.0031,0.001,MONITOR
D0019,GENERAL_WARD,Infusion Pump,Fresenius,High,0.0,0.9714,0.9211,0.9993,0.9688,CRITICAL
D0020,GENERAL_WARD,Infusion Pump,Smiths Medical,High,0.38,0.6803,0.0033,0.0058,0.2363,ELEVATED
D0021,GENERAL_WARD,Infusion Pump,Fresenius,High,0.04,0.0,0.0003,0.0024,0.0054,MONITOR
D0022,GENERAL_WARD,Infusion Pump,ICU Medical,High,0.0,0.0,0.0,0.0019,0.0006,MONITOR
D0023,GENERAL_WARD,Infusion Pump,Smiths Medical,High,0.62,0.0,0.0099,0.0213,0.0805,MONITOR
D0024,GENERAL_WARD,Infusion Pump,Smiths Medical,High,0.0,0.0,0.0,0.0031,0.001,MONITOR
D0025,GENERAL_WARD,Infusion Pump,Baxter,High,0.0,0.0,0.0,0.0031,0.001,MONITOR
D0026,EMERGENCY,Infusion Pump,Baxter,High,0.0,0.0,0.0,0.002,0.0007,MONITOR
D0027,EMERGENCY,Infusion Pump,Fresenius,High,0.0,0.0,0.0,0.0032,0.0011,MONITOR
D0028,EMERGENCY,Infusion Pump,Baxter,High,0.18,0.5458,0.001,0.003,0.18,MONITOR
D0029,EMERGENCY,Infusion Pump,BD Alaris,High,0.0,0.0,0.0,0.002,0.0007,MONITOR
D0030,EMERGENCY,Infusion Pump,Fresenius,High,0.0,0.5137,0.0,0.0032,0.1496,MONITOR
D0031,EMERGENCY,Infusion Pump,Fresenius,High,0.0,0.7268,0.9146,0.9993,0.9267,CRITICAL
D0032,EMERGENCY,Infusion Pump,Smiths Medical,High,0.0,0.0,0.0,0.0032,0.0011,MONITOR
D0033,ONCOLOGY,Infusion Pump,Fresenius,High,0.31,0.0,0.017,0.0049,0.0435,MONITOR
D0034,ONCOLOGY,Infusion Pump,Fresenius,High,0.0,0.6092,0.0,0.003,0.1734,MONITOR
D0035,ONCOLOGY,Infusion Pump,Baxter,High,0.0,0.419,0.0,0.0031,0.1196,MONITOR
D0036,ONCOLOGY,Infusion Pump,BD Alaris,High,0.07,0.0,0.0004,0.0025,0.0089,MONITOR
D0037,ONCOLOGY,Infusion Pump,Baxter,High,0.0,0.0,0.0,0.003,0.001,MONITOR
D0038,ONCOLOGY,Infusion Pump,Smiths Medical,High,0.93,0.6953,0.6922,0.9986,0.9154,CRITICAL
D0039,ONCOLOGY,Infusion Pump,BD Alaris,High,0.16,0.0,0.0011,0.0051,0.0203,MONITOR
D0040,PEDIATRICS,Infusion Pump,Smiths Medical,High,0.0,0.4983,0.0,0.003,0.1435,MONITOR
D0041,PEDIATRICS,Infusion Pump,ICU Medical,High,0.0,0.0,0.0,0.004,0.0014,MONITOR
D0042,PEDIATRICS,Infusion Pump,Smiths Medical,High,0.0,0.0,0.0,0.004,0.0014,MONITOR
D0043,PEDIATRICS,Infusion Pump,ICU Medical,High,0.7,0.0,0.4756,0.9955,0.6122,CRITICAL
D0044,PEDIATRICS,Infusion Pump,ICU Medical,High,0.0,0.0,0.0,0.004,0.0014,MONITOR
D0045,PEDIATRICS,Infusion Pump,Fresenius,High,0.0,0.6722,0.0,0.0033,0.1934,ELEVATED
D0046,PEDIATRICS,Infusion Pump,ICU Medical,High,0.8,0.3893,0.9096,0.9986,0.9098,CRITICAL
D0047,PEDIATRICS,Infusion Pump,Smiths Medical,High,0.0,0.398,0.0,0.004,0.1152,MONITOR
D0048,PEDIATRICS,Infusion Pump,Smiths Medical,High,0.65,0.0,0.0082,0.0195,0.0843,MONITOR
D0049,PEDIATRICS,Infusion Pump,ICU Medical,High,0.0,0.0,0.0,0.004,0.0014,MONITOR
D0050,PEDIATRICS,Infusion Pump,BD Alaris,High,0.96,0.0,0.9168,0.9986,0.8196,CRITICAL
D0051,CARDIOLOGY,Infusion Pump,Fresenius,High,0.88,0.0,0.6806,0.9969,0.7153,CRITICAL
D0052,CARDIOLOGY,Infusion Pump,BD Alaris,High,0.35,0.8475,0.8621,0.9993,0.9706,CRITICAL
D0053,CARDIOLOGY,Infusion Pump,BD Alaris,High,0.0,0.8683,0.9161,0.998,0.9576,CRITICAL
D0054,CARDIOLOGY,Infusion Pump,Fresenius,High,0.0,0.0,0.0,0.0024,0.0008,MONITOR
D0055,CARDIOLOGY,Infusion Pump,ICU Medical,High,0.0,0.4494,0.0,0.003,0.1296,MONITOR
D0056,CARDIOLOGY,Infusion Pump,BD Alaris,High,0.0,0.0,0.0,0.004,0.0014,MONITOR
D0057,CARDIOLOGY,Infusion Pump,ICU Medical,High,0.0,0.0,0.0,0.004,0.0014,MONITOR
D0058,CARDIOLOGY,Infusion Pump,Fresenius,High,0.0,0.0,0.0,0.0024,0.0008,MONITOR
D0059,CARDIOLOGY,Infusion Pump,ICU Medical,High,0.56,0.9694,0.6623,0.9987,0.9492,CRITICAL
D0060,ICU,Patient Monitor,GE Healthcare,High,0.53,0.6255,0.0038,0.0152,0.2325,MONITOR
D0061,ICU,Patient Monitor,Nihon Kohden,High,0.0,0.4639,0.0,0.0065,0.1274,MONITOR
D0062,ICU,Patient Monitor,GE Healthcare,High,0.29,0.3771,0.0014,0.0067,0.1358,MONITOR
D0063,ICU,Patient Monitor,Mindray,High,0.62,0.0,0.0049,0.0136,0.0732,MONITOR
D0064,ICU,Patient Monitor,Philips,High,0.88,0.7323,0.9187,0.9998,0.964,CRITICAL
D0065,ICU,Patient Monitor,Draeger,High,0.0,0.702,0.9351,0.9994,0.8668,CRITICAL
D0066,ICU,Patient Monitor,Mindray,High,0.24,0.0,0.0271,0.0049,0.0378,MONITOR
D0067,ICU,Patient Monitor,Draeger,High,0.0,0.0,0.0,0.0025,0.0008,MONITOR
D0068,ICU,Patient Monitor,GE Healthcare,High,0.46,0.0,0.0025,0.0057,0.0525,MONITOR
D0069,ICU,Patient Monitor,Mindray,High,0.0,0.0,0.0,0.004,0.0013,MONITOR
D0070,ICU,Patient Monitor,Mindray,High,0.62,0.0,0.005,0.0146,0.0736,MONITOR
D0071,ICU,Patient Monitor,Draeger,High,0.0,0.5944,0.0,0.004,0.1618,MONITOR
D0072,ICU,Patient Monitor,Philips,High,0.0,0.0,0.0,0.0025,0.0008,MONITOR
D0073,ICU,Patient Monitor,Mindray,High,0.0,0.5346,0.0,0.0065,0.1465,MONITOR
D0074,ICU,Patient Monitor,Mindray,High,0.36,0.0,0.0017,0.0042,0.0409,MONITOR
D0075,GENERAL_WARD,Patient Monitor,GE Healthcare,High,0.13,0.0,0.0007,0.0072,0.0162,MONITOR
D0076,GENERAL_WARD,Patient Monitor,GE Healthcare,High,0.0,0.0,0.0,0.0024,0.0008,MONITOR
D0077,GENERAL_WARD,Patient Monitor,Draeger,High,0.0,0.0,0.0,0.0024,0.0008,MONITOR
D0078,GENERAL_WARD,Patient Monitor,Mindray,High,0.87,0.0,0.9059,0.9986,0.7412,HIGH
D0079,GENERAL_WARD,Patient Monitor,Draeger,High,0.91,0.6369,0.9075,0.9982,0.9136,CRITICAL
D0080,GENERAL_WARD,Patient Monitor,Draeger,High,0.0,0.9612,0.9102,0.999,0.9044,CRITICAL
D0081,GENERAL_WARD,Patient Monitor,Nihon Kohden,High,0.0,0.3721,0.0,0.0079,0.1005,MONITOR
D0082,GENERAL_WARD,Patient Monitor,Philips,High,0.0,0.0,0.0,0.0042,0.0013,MONITOR
D0083,GENERAL_WARD,Patient Monitor,Philips,High,0.51,0.3675,0.0474,0.0298,0.1774,MONITOR
D0084,GENERAL_WARD,Patient Monitor,Draeger,High,0.0,0.8678,0.9104,0.9994,0.88,CRITICAL
D0085,GENERAL_WARD,Patient Monitor,Nihon Kohden,High,0.23,0.0,0.0014,0.0031,0.0257,MONITOR
D0086,GENERAL_WARD,Patient Monitor,Philips,High,0.0,0.0,0.0,0.0042,0.0013,MONITOR
D0087,GENERAL_WARD,Patient Monitor,Draeger,High,0.0,0.3597,0.0,0.0079,0.0972,MONITOR
D0088,GENERAL_WARD,Patient Monitor,Mindray,High,0.0,0.801,0.9102,0.999,0.8622,CRITICAL
D0089,EMERGENCY,Patient Monitor,GE Healthcare,High,0.0,0.0,0.0,0.004,0.0013,MONITOR
D0090,EMERGENCY,Patient Monitor,Philips,High,0.53,0.0,0.0036,0.0067,0.0602,MONITOR
D0091,EMERGENCY,Patient Monitor,Philips,High,0.0,0.0,0.0,0.004,0.0013,MONITOR
D0092,EMERGENCY,Patient Monitor,Draeger,High,0.59,0.3568,0.0057,0.0242,0.1684,MONITOR
D0093,EMERGENCY,Patient Monitor,Mindray,High,0.0,0.9774,0.9253,0.998,0.9278,CRITICAL
D0094,EMERGENCY,Patient Monitor,Mindray,High,0.0,0.0,0.0,0.004,0.0013,MONITOR
D0095,EMERGENCY,Patient Monitor,Nihon Kohden,High,0.47,0.8568,0.8906,0.9988,0.933,CRITICAL
D0096,EMERGENCY,Patient Monitor,Nihon Kohden,High,0.0,0.0,0.0,0.0025,0.0008,MONITOR
D0097,RADIOLOGY,Patient Monitor,Draeger,High,0.92,0.4152,0.9138,0.9986,0.8674,CRITICAL
D0098,RADIOLOGY,Patient Monitor,Mindray,High,0.0,0.0,0.0,0.0044,0.0014,MONITOR
D0099,RADIOLOGY,Patient Monitor,Draeger,High,0.06,0.0,0.0003,0.0056,0.0083,MONITOR
D0100,RADIOLOGY,Patient Monitor,Mindray,High,0.89,0.0,0.9121,0.9986,0.7531,CRITICAL
D0101,RADIOLOGY,Patient Monitor,GE Healthcare,High,0.7,0.0,0.9093,0.9985,0.7318,HIGH
D0102,RADIOLOGY,Patient Monitor,Mindray,High,0.0,0.0,0.0,0.0044,0.0014,MONITOR
D0103,RADIOLOGY,Patient Monitor,GE Healthcare,High,0.0,0.0,0.0,0.0044,0.0014,MONITOR
D0104,RADIOLOGY,Patient Monitor,Mindray,High,0.18,0.6611,0.001,0.0075,0.1978,MONITOR
D0105,RADIOLOGY,Patient Monitor,Nihon Kohden,High,0.0,0.0,0.0,0.0044,0.0014,MONITOR
D0106,RADIOLOGY,Patient Monitor,Draeger,High,0.0,0.416,0.0,0.0064,0.1127,MONITOR
D0107,CARDIOLOGY,Patient Monitor,Nihon Kohden,High,0.0,0.7333,0.9203,0.9981,0.8564,CRITICAL
D0108,CARDIOLOGY,Patient Monitor,Philips,High,0.0,0.4747,0.0,0.0064,0.1283,MONITOR
D0109,CARDIOLOGY,Patient Monitor,GE Healthcare,High,0.79,0.0,0.9109,0.9986,0.742,HIGH
D0110,CARDIOLOGY,Patient Monitor,Philips,High,0.09,0.0,0.0004,0.0058,0.0116,MONITOR
D0111,CARDIOLOGY,Patient Monitor,Nihon Kohden,High,0.0,0.0,0.0,0.0044,0.0014,MONITOR
D0112,CARDIOLOGY,Patient Monitor,Nihon Kohden,High,0.0,0.0,0.0,0.0044,0.0014,MONITOR
D0113,CARDIOLOGY,Patient Monitor,Nihon Kohden,High,0.84,0.0,0.9112,0.9986,0.7475,HIGH
D0114,CARDIOLOGY,Patient Monitor,Mindray,High,0.0,0.5665,0.0,0.0044,0.1521,MONITOR
D0115,CARDIOLOGY,Patient Monitor,Nihon Kohden,High,0.0,0.0,0.0,0.0044,0.0014,MONITOR
D0116,NEUROLOGY,Patient Monitor,Philips,High,0.0,0.7299,0.9155,0.9994,0.8498,CRITICAL
D0117,NEUROLOGY,Patient Monitor,Nihon Kohden,High,0.09,0.0,0.0004,0.0048,0.0112,MONITOR
D0118,NEUROLOGY,Patient Monitor,Mindray,High,0.82,0.5565,0.9083,0.9984,0.8877,CRITICAL
D0119,NEUROLOGY,Patient Monitor,Draeger,High,0.33,0.5357,0.0018,0.0034,0.1785,MONITOR
D0120,NEUROLOGY,Patient Monitor,Draeger,High,0.75,0.9136,0.9085,0.9998,0.9754,CRITICAL
D0121,NEUROLOGY,Patient Monitor,Nihon Kohden,High,0.0,0.0,0.0,0.0035,0.0011,MONITOR
D0122,NEUROLOGY,Patient Monitor,Nihon Kohden,High,0.73,0.3525,0.9081,0.9986,0.8242,CRITICAL
D0123,NEUROLOGY,Patient Monitor,Nihon Kohden,High,0.16,0.7097,0.8079,0.9991,0.8214,CRITICAL
D0124,NEUROLOGY,Patient Monitor,Philips,High,0.05,0.8834,0.6394,0.9989,0.7933,CRITICAL
D0125,NEUROLOGY,Patient Monitor,Nihon Kohden,High,0.0,0.4277,0.0,0.0074,0.1156,MONITOR
D0126,NEUROLOGY,Patient Monitor,Draeger,High,0.0,0.0,0.0,0.0035,0.0011,MONITOR
D0127,PEDIATRICS,Patient Monitor,GE Healthcare,High,0.0,0.8829,0.9208,0.9994,0.8968,CRITICAL
D0128,PEDIATRICS,Patient Monitor,GE Healthcare,High,0.07,0.0,0.0003,0.0056,0.0093,MONITOR
D0129,PEDIATRICS,Patient Monitor,Mindray,High,0.0,0.0,0.0,0.0044,0.0014,MONITOR
D0130,PEDIATRICS,Patient Monitor,Draeger,High,0.79,0.0,0.9109,0.9986,0.742,HIGH
D0131,PEDIATRICS,Patient Monitor,Draeger,High,0.61,0.0,0.0057,0.0168,0.0724,MONITOR
D0132,PEDIATRICS,Patient Monitor,GE Healthcare,High,0.54,0.6302,0.004,0.0086,0.2293,MONITOR
D0133,PEDIATRICS,Patient Monitor,GE Healthcare,High,0.0,0.4559,0.0,0.0064,0.1233,MONITOR
D0134,PEDIATRICS,Patient Monitor,Philips,High,0.75,0.0,0.9105,0.9986,0.7376,HIGH
D0135,PEDIATRICS,Patient Monitor,Draeger,High,0.22,0.0,0.0012,0.003,0.0248,MONITOR
D0136,PEDIATRICS,Patient Monitor,Philips,High,0.0,0.0,0.0,0.0026,0.0008,MONITOR
D0137,PEDIATRICS,Patient Monitor,Philips,High,0.21,0.0,0.0012,0.0045,0.0242,MONITOR
D0138,ICU,Defibrillator,Cardiac Science,High,0.0,0.5631,0.0,0.0048,0.1706,MONITOR
D0139,ICU,Defibrillator,Cardiac Science,High,0.0,0.0,0.0,0.0021,0.0008,MONITOR
D0140,ICU,Defibrillator,Physio-Control,High,0.29,0.0,0.0013,0.003,0.0364,MONITOR
D0141,ICU,Defibrillator,Physio-Control,High,0.73,0.4399,0.5053,0.9934,0.7894,CRITICAL
D0142,ICU,Defibrillator,Cardiac Science,High,0.0,0.0,0.0,0.0033,0.0012,MONITOR
D0143,EMERGENCY,Defibrillator,Zoll,High,0.0,0.0,0.0,0.0033,0.0012,MONITOR
D0144,EMERGENCY,Defibrillator,Philips,High,0.0,0.0,0.0,0.0021,0.0007,MONITOR
D0145,EMERGENCY,Defibrillator,Philips,High,0.64,0.9463,0.8984,0.999,1.0,CRITICAL
D0146,EMERGENCY,Defibrillator,Philips,High,0.31,0.0,0.0112,0.0038,0.0423,MONITOR
D0147,OPERATING_THEATRE,Defibrillator,Philips,High,0.0,0.0,0.0,0.0033,0.0012,MONITOR
D0148,OPERATING_THEATRE,Defibrillator,Physio-Control,High,0.0,0.5179,0.0,0.0037,0.155,MONITOR
D0149,OPERATING_THEATRE,Defibrillator,Philips,High,0.0,0.7259,0.9097,0.9993,0.9489,CRITICAL
D0150,OPERATING_THEATRE,Defibrillator,Philips,High,0.0,0.4777,0.0,0.0033,0.1429,MONITOR
D0151,OPERATING_THEATRE,Defibrillator,Zoll,High,0.0,0.0,0.0,0.0021,0.0007,MONITOR
D0152,CARDIOLOGY,Defibrillator,Physio-Control,High,0.0,0.0,0.0,0.004,0.0014,MONITOR
D0153,CARDIOLOGY,Defibrillator,Zoll,High,0.0,0.0,0.0,0.004,0.0014,MONITOR
D0154,CARDIOLOGY,Defibrillator,Philips,High,0.0,0.0,0.0,0.004,0.0014,MONITOR
D0155,CARDIOLOGY,Defibrillator,Philips,High,0.0,0.6952,0.0,0.0035,0.2028,ELEVATED
D0156,CARDIOLOGY,Defibrillator,Zoll,High,0.0,0.8147,0.9166,0.998,0.9557,CRITICAL
D0157,CARDIOLOGY,Defibrillator,Physio-Control,High,0.0,0.6568,0.0,0.0032,0.1916,ELEVATED
D0158,GENERAL_WARD,Defibrillator,Physio-Control,High,0.0,0.6515,0.0,0.0033,0.1857,ELEVATED
D0159,GENERAL_WARD,Defibrillator,Zoll,High,0.0,0.0,0.0,0.0018,0.0006,MONITOR
D0160,GENERAL_WARD,Defibrillator,Cardiac Science,High,0.0,0.0,0.0,0.003,0.001,MONITOR
D0161,ICU,Dialysis Machine,NxStage,High,0.0,0.6802,0.0,0.0052,0.2059,ELEVATED
D0162,ICU,Dialysis Machine,Fresenius,High,0.0,0.3659,0.0,0.0033,0.111,MONITOR
D0163,ICU,Dialysis Machine,Fresenius,High,0.0,0.9073,0.9051,0.9983,1.0,CRITICAL
D0164,ICU,Dialysis Machine,B.Braun,High,0.0,0.0,0.0,0.0021,0.0008,MONITOR
D0165,ICU,Dialysis Machine,B.Braun,High,0.0,0.5091,0.0,0.0048,0.1545,MONITOR
D0166,ICU,Dialysis Machine,NxStage,High,0.97,0.6995,0.9149,0.9998,1.0,CRITICAL
D0167,ICU,Dialysis Machine,B.Braun,High,0.29,0.6958,0.0016,0.0163,0.2501,ELEVATED
D0168,ICU,Dialysis Machine,NxStage,High,0.0,0.4421,0.0,0.0048,0.1344,MONITOR
D0169,ICU,Dialysis Machine,NxStage,High,0.0,0.0,0.0,0.0021,0.0008,MONITOR
D0170,NEPHROLOGY,Dialysis Machine,NxStage,High,0.5,0.0,0.0059,0.0092,0.0621,MONITOR
D0171,NEPHROLOGY,Dialysis Machine,Fresenius,High,0.0,0.0,0.0,0.0018,0.0006,MONITOR
D0172,NEPHROLOGY,Dialysis Machine,Baxter,High,0.52,0.4768,0.0065,0.0104,0.2001,ELEVATED
D0173,NEPHROLOGY,Dialysis Machine,Baxter,High,0.0,0.0,0.0,0.0018,0.0006,MONITOR
D0174,GENERAL_WARD,Dialysis Machine,B.Braun,High,0.0,0.0,0.0,0.003,0.001,MONITOR
D0175,GENERAL_WARD,Dialysis Machine,B.Braun,High,0.15,0.6845,0.0012,0.0044,0.2129,ELEVATED
D0176,GENERAL_WARD,Dialysis Machine,B.Braun,High,0.0,0.686,0.0,0.0127,0.1987,ELEVATED
D0177,GENERAL_WARD,Dialysis Machine,Baxter,High,0.0,0.5675,0.0,0.003,0.1618,MONITOR
D0178,RADIOLOGY,CT Scanner,Philips,Medium,0.63,0.0,0.0205,0.0185,0.083,MONITOR
D0179,RADIOLOGY,CT Scanner,Siemens,Medium,0.0,0.502,0.0,0.0064,0.1397,MONITOR
D0180,RADIOLOGY,CT Scanner,GE Healthcare,Medium,0.0,0.4427,0.0,0.0064,0.1234,MONITOR
D0181,RADIOLOGY,CT Scanner,GE Healthcare,Medium,0.0,0.0,0.0,0.0025,0.0008,MONITOR
D0182,EMERGENCY,CT Scanner,GE Healthcare,Medium,0.0,0.8586,0.9195,0.9987,0.923,CRITICAL
D0183,EMERGENCY,CT Scanner,GE Healthcare,Medium,0.07,0.0,0.0003,0.0043,0.0093,MONITOR
D0184,RADIOLOGY,MRI Scanner,Philips,Medium,0.0,0.5708,0.0,0.0041,0.1578,MONITOR
D0185,RADIOLOGY,MRI Scanner,Canon,Medium,0.0,0.5632,0.0,0.0119,0.1582,MONITOR
D0186,RADIOLOGY,MRI Scanner,GE Healthcare,Medium,0.25,0.3792,0.0015,0.0047,0.1334,MONITOR
D0187,NEUROLOGY,MRI Scanner,Philips,Medium,0.0,0.0,0.0,0.0033,0.0011,MONITOR
D0188,RADIOLOGY,Ultrasound,Canon,Medium,0.0,0.0,0.0,0.0041,0.0013,MONITOR
D0189,RADIOLOGY,Ultrasound,Siemens,Medium,0.0,0.9458,0.9171,0.998,0.9391,CRITICAL
D0190,RADIOLOGY,Ultrasound,Fujifilm,Medium,0.0,0.0,0.0,0.0041,0.0013,MONITOR
D0191,RADIOLOGY,Ultrasound,GE Healthcare,Medium,0.54,0.7196,0.8967,0.9992,0.9289,CRITICAL
D0192,RADIOLOGY,Ultrasound,Canon,Medium,0.01,0.0,0.0001,0.0031,0.0022,MONITOR
D0193,EMERGENCY,Ultrasound,Siemens,Medium,0.0,0.0,0.0,0.0036,0.0012,MONITOR
D0194,EMERGENCY,Ultrasound,Siemens,Medium,0.0,0.0,0.0,0.0036,0.0012,MONITOR
D0195,EMERGENCY,Ultrasound,Canon,Medium,0.0,0.3971,0.0,0.0061,0.1116,MONITOR
D0196,EMERGENCY,Ultrasound,Philips,Medium,0.18,0.0,0.001,0.0036,0.0215,MONITOR
D0197,EMERGENCY,Ultrasound,Siemens,Medium,0.0,0.0,0.0,0.0036,0.0012,MONITOR
D0198,OBSTETRICS,Ultrasound,GE Healthcare,Medium,0.75,0.0,0.9078,0.9985,0.7477,HIGH
D0199,OBSTETRICS,Ultrasound,Fujifilm,Medium,0.0,0.553,0.0,0.0131,0.1535,MONITOR
D0200,OBSTETRICS,Ultrasound,Philips,Medium,0.05,0.5591,0.0003,0.0094,0.1595,MONITOR
D0201,OBSTETRICS,Ultrasound,Fujifilm,Medium,0.0,0.5619,0.0,0.0035,0.1529,MONITOR
D0202,CARDIOLOGY,Ultrasound,Canon,Medium,0.0,0.6343,0.0,0.0064,0.1759,MONITOR
D0203,CARDIOLOGY,Ultrasound,Siemens,Medium,0.02,0.0,0.0002,0.0031,0.0033,MONITOR
D0204,CARDIOLOGY,Ultrasound,GE Healthcare,Medium,0.88,0.0,0.6858,0.9986,0.6879,HIGH
D0205,RADIOLOGY,X-Ray System,Carestream,Medium,0.53,0.6597,0.0064,0.0379,0.2538,MONITOR
D0206,RADIOLOGY,X-Ray System,Carestream,Medium,0.35,0.5074,0.002,0.0042,0.1795,MONITOR
D0207,RADIOLOGY,X-Ray System,Siemens,Medium,0.8,0.6677,0.9115,0.9987,0.9487,CRITICAL
D0208,EMERGENCY,X-Ray System,Siemens,Medium,0.0,0.6769,0.0,0.0066,0.189,MONITOR
D0209,EMERGENCY,X-Ray System,Canon,Medium,0.59,0.6924,0.0073,0.0372,0.2714,MONITOR
D0210,EMERGENCY,X-Ray System,GE Healthcare,Medium,0.0,0.0,0.0,0.0036,0.0012,MONITOR
D0211,EMERGENCY,X-Ray System,Philips,Medium,0.0,0.0,0.0,0.0036,0.0012,MONITOR
D0212,EMERGENCY,X-Ray System,GE Healthcare,Medium,0.0,0.0,0.0,0.0023,0.0008,MONITOR
D0213,OPERATING_THEATRE,X-Ray System,GE Healthcare,Medium,0.0,0.4863,0.0,0.0067,0.1374,MONITOR
D0214,OPERATING_THEATRE,X-Ray System,Canon,Medium,0.0,0.4222,0.0,0.0067,0.1196,MONITOR
D0215,OPERATING_THEATRE,X-Ray System,GE Healthcare,Medium,0.0,0.7338,0.9224,0.9988,0.8962,CRITICAL
D0216,RADIOLOGY,PET-CT Scanner,Siemens,Medium,0.67,0.6932,0.0086,0.0269,0.2755,MONITOR
D0217,RADIOLOGY,Linear Accelerator,Elekta,Medium,0.0,0.0,0.0,0.0042,0.0014,MONITOR
D0218,RADIOLOGY,Linear Accelerator,Siemens,Medium,0.0,0.0,0.0,0.0042,0.0014,MONITOR
D0219,OPERATING_THEATRE,Anesthesia Machine,GE Healthcare,High,0.25,0.0,0.0013,0.0032,0.0304,MONITOR
D0220,OPERATING_THEATRE,Anesthesia Machine,Draeger,High,0.93,0.0,0.916,0.9985,0.8196,CRITICAL
D0221,OPERATING_THEATRE,Anesthesia Machine,Philips,High,0.0,0.0,0.0,0.0021,0.0007,MONITOR
D0222,OPERATING_THEATRE,Anesthesia Machine,Philips,High,0.0,0.3717,0.0,0.0045,0.1083,MONITOR
D0223,OPERATING_THEATRE,Anesthesia Machine,GE Healthcare,High,0.38,0.47,0.002,0.0041,0.1809,MONITOR
D0224,OPERATING_THEATRE,Anesthesia Machine,GE Healthcare,High,0.46,0.8867,0.8791,0.9991,1.0,CRITICAL
D0225,CATH_LAB,Anesthesia Machine,Draeger,High,0.0,0.0,0.0,0.0019,0.0006,MONITOR
D0226,CATH_LAB,Anesthesia Machine,Mindray,High,0.77,0.0,0.9095,0.9986,0.7913,CRITICAL
D0227,CATH_LAB,Anesthesia Machine,Mindray,High,0.0,0.7285,0.915,0.9981,0.913,CRITICAL
D0228,CATH_LAB,Anesthesia Machine,Draeger,High,0.0,0.0,0.0,0.0031,0.0011,MONITOR
D0229,CATH_LAB,Anesthesia Machine,Mindray,High,0.0,0.5972,0.0,0.0042,0.1714,MONITOR
D0230,CATH_LAB,Anesthesia Machine,Draeger,High,0.0,0.5969,0.0,0.0042,0.1714,MONITOR
D0231,OPERATING_THEATRE,Endoscopy System,Fujifilm,Medium,0.46,0.8821,0.6491,0.9995,0.8824,CRITICAL
D0232,OPERATING_THEATRE,Endoscopy System,Pentax,Medium,0.0,0.8115,0.9227,0.9994,0.9181,CRITICAL
D0233,OPERATING_THEATRE,Endoscopy System,Pentax,Medium,0.11,0.6995,0.7401,0.9984,0.8278,CRITICAL
D0234,OPERATING_THEATRE,Endoscopy System,Fujifilm,Medium,0.0,0.3656,0.0,0.0067,0.1039,MONITOR
D0235,OPERATING_THEATRE,Endoscopy System,Olympus,Medium,0.37,0.0,0.0019,0.0054,0.0437,MONITOR
D0236,GASTROENTEROLOGY,Endoscopy System,Fujifilm,Medium,0.22,0.6899,0.0017,0.0098,0.2139,MONITOR
D0237,GASTROENTEROLOGY,Endoscopy System,Storz,Medium,0.0,0.6964,0.0,0.0333,0.1988,MONITOR
D0238,GASTROENTEROLOGY,Endoscopy System,Fujifilm,Medium,0.0,0.0,0.0,0.0021,0.0007,MONITOR
D0239,OPERATING_THEATRE,C-Arm,Ziehm,Medium,0.0,0.8608,0.9224,0.9988,0.9315,CRITICAL
D0240,OPERATING_THEATRE,C-Arm,Ziehm,Medium,0.0,0.4557,0.0,0.0067,0.1289,MONITOR
D0241,OPERATING_THEATRE,C-Arm,Philips,Medium,0.17,0.0,0.0008,0.0054,0.021,MONITOR
D0242,RADIOLOGY,C-Arm,Ziehm,Medium,0.0,0.3669,0.0,0.0041,0.1019,MONITOR
D0243,CARDIOLOGY,ECG Machine,Nihon Kohden,Medium,0.73,0.4046,0.4699,0.9948,0.6982,HIGH
D0244,CARDIOLOGY,ECG Machine,GE Healthcare,Medium,0.16,0.0,0.0009,0.0035,0.019,MONITOR
D0245,CARDIOLOGY,ECG Machine,Philips,Medium,0.0,0.6331,0.0,0.0041,0.1748,MONITOR
D0246,CARDIOLOGY,ECG Machine,Schiller,Medium,0.0,0.5162,0.0,0.0064,0.1435,MONITOR
D0247,EMERGENCY,ECG Machine,GE Healthcare,Medium,0.51,0.0,0.0491,0.0164,0.0807,MONITOR
D0248,EMERGENCY,ECG Machine,Philips,Medium,0.0,0.0,0.0,0.0036,0.0012,MONITOR
D0249,EMERGENCY,ECG Machine,GE Healthcare,Medium,0.0,0.8499,0.9198,0.9993,0.9209,CRITICAL
D0250,EMERGENCY,ECG Machine,Schiller,Medium,0.81,0.6061,0.9125,0.9983,0.9399,CRITICAL
D0251,EMERGENCY,ECG Machine,GE Healthcare,Medium,0.0,0.0,0.0,0.0023,0.0008,MONITOR
D0252,GENERAL_WARD,ECG Machine,Nihon Kohden,Medium,0.0,0.623,0.0,0.0084,0.1709,MONITOR
D0253,GENERAL_WARD,ECG Machine,Philips,Medium,0.0,0.0,0.0,0.0021,0.0007,MONITOR
D0254,GENERAL_WARD,ECG Machine,GE Healthcare,Medium,0.0,0.6299,0.0,0.0084,0.1728,MONITOR
D0255,CARDIOLOGY,Pacemaker Programmer,Boston Scientific,High,0.0,0.6582,0.0,0.0031,0.1893,ELEVATED
D0256,CARDIOLOGY,Pacemaker Programmer,Abbott,High,0.0,0.0,0.0,0.004,0.0014,MONITOR
D0257,CATH_LAB,Pacemaker Programmer,Boston Scientific,High,0.0,0.0,0.0,0.002,0.0007,MONITOR
D0258,CATH_LAB,Pacemaker Programmer,Biotronik,High,0.0,0.7289,0.9138,0.9975,0.9263,CRITICAL
D0259,CATH_LAB,Pacemaker Programmer,Biotronik,High,0.0,0.0,0.0,0.0032,0.0011,MONITOR
D0260,CATH_LAB,Pacemaker Programmer,Biotronik,High,0.0,0.0,0.0,0.0032,0.0011,MONITOR
D0261,OBSTETRICS,Fetal Monitor,GE Healthcare,Medium,0.0,0.7188,0.9098,0.9981,0.8401,CRITICAL
D0262,OBSTETRICS,Fetal Monitor,GE Healthcare,Medium,0.83,0.0,0.9055,0.9986,0.7368,HIGH
D0263,OBSTETRICS,Fetal Monitor,Mindray,Medium,0.79,0.623,0.9056,0.9985,0.8967,CRITICAL
D0264,OBSTETRICS,Fetal Monitor,Mindray,Medium,0.0,0.9583,0.9102,0.999,0.9036,CRITICAL
D0265,OBSTETRICS,Fetal Monitor,Philips,Medium,0.68,0.0,0.0081,0.0191,0.0806,MONITOR
D0266,PEDIATRICS,Fetal Monitor,GE Healthcare,Medium,0.91,0.0,0.9132,0.9986,0.7557,CRITICAL
D0267,PEDIATRICS,Fetal Monitor,GE Healthcare,Medium,0.0,0.6439,0.0,0.0044,0.1727,MONITOR
D0268,PEDIATRICS,Fetal Monitor,Hill-Rom,Medium,0.75,0.6767,0.686,0.9984,0.834,CRITICAL
D0269,LABORATORY,Laboratory Analyzer,Roche,Medium,0.0,0.0,0.0,0.0035,0.0011,MONITOR
D0270,LABORATORY,Laboratory Analyzer,Sysmex,Medium,0.0,0.0,0.0,0.0021,0.0007,MONITOR
D0271,LABORATORY,Laboratory Analyzer,Sysmex,Medium,0.0,0.0,0.0,0.0035,0.0011,MONITOR
D0272,LABORATORY,Laboratory Analyzer,Sysmex,Medium,0.0,0.5404,0.0,0.0035,0.147,MONITOR
D0273,LABORATORY,Laboratory Analyzer,Beckman Coulter,Medium,0.0,0.0,0.0,0.0035,0.0011,MONITOR
D0274,LABORATORY,Laboratory Analyzer,Beckman Coulter,Medium,0.0,0.8638,0.9138,0.999,0.9023,CRITICAL
D0275,LABORATORY,Laboratory Analyzer,Siemens,Medium,0.94,0.0,0.9116,0.9985,0.7696,CRITICAL
D0276,LABORATORY,Laboratory Analyzer,Roche,Medium,0.17,0.828,0.8171,0.998,0.8741,CRITICAL
D0277,LABORATORY,Laboratory Analyzer,Roche,Medium,0.2,0.5597,0.0015,0.009,0.1762,MONITOR
D0278,LABORATORY,Laboratory Analyzer,Abbott,Medium,0.0,0.4552,0.0,0.0084,0.1256,MONITOR
D0279,LABORATORY,Laboratory Analyzer,Siemens,Medium,0.0,0.7234,0.9138,0.999,0.8644,CRITICAL
D0280,LABORATORY,Laboratory Analyzer,Sysmex,Medium,0.0,0.862,0.9138,0.999,0.9018,CRITICAL
D0281,LABORATORY,Laboratory Analyzer,Beckman Coulter,Medium,0.06,0.0,0.0003,0.0044,0.008,MONITOR
D0282,LABORATORY,Laboratory Analyzer,Roche,Medium,0.0,0.3803,0.0,0.0035,0.1038,MONITOR
D0283,LABORATORY,Laboratory Analyzer,Roche,Medium,0.0,0.0,0.0,0.0021,0.0007,MONITOR
D0284,LABORATORY,Laboratory Analyzer,Beckman Coulter,Medium,0.1,0.7321,0.7255,0.9992,0.8064,CRITICAL
D0285,LABORATORY,Laboratory Analyzer,Roche,Medium,0.0,0.0,0.0,0.0035,0.0011,MONITOR
D0286,LABORATORY,Laboratory Analyzer,Sysmex,Medium,0.0,0.0,0.0,0.0035,0.0011,MONITOR
D0287,LABORATORY,Laboratory Analyzer,Siemens,Medium,0.0,0.6105,0.0,0.0131,0.1691,MONITOR
D0288,LABORATORY,Laboratory Analyzer,Roche,Medium,0.0,0.0,0.0,0.0021,0.0007,MONITOR
D0289,LABORATORY,Laboratory Analyzer,Siemens,Medium,0.48,0.7075,0.8871,0.9992,0.9019,CRITICAL
D0290,LABORATORY,Laboratory Analyzer,Sysmex,Medium,0.49,0.9641,0.569,0.9995,0.8522,CRITICAL
D0291,LABORATORY,Laboratory Analyzer,Beckman Coulter,Medium,0.51,0.7372,0.8918,0.9994,0.915,CRITICAL
D0292,LABORATORY,Laboratory Analyzer,Beckman Coulter,Medium,0.0,0.0,0.0,0.0035,0.0011,MONITOR
D0293,LABORATORY,Laboratory Analyzer,Roche,Medium,0.88,0.6921,0.9083,0.9984,0.9487,CRITICAL
D0294,LABORATORY,Laboratory Analyzer,Beckman Coulter,Medium,0.0,0.3692,0.0,0.0084,0.1024,MONITOR
D0295,LABORATORY,Laboratory Analyzer,Beckman Coulter,Medium,0.17,0.0,0.0011,0.0032,0.0198,MONITOR
D0296,LABORATORY,Laboratory Analyzer,Beckman Coulter,Medium,0.64,0.5454,0.0082,0.0184,0.2254,MONITOR
D0297,LABORATORY,Laboratory Analyzer,Siemens,Medium,0.0,0.0,0.0,0.0035,0.0011,MONITOR
D0298,LABORATORY,Laboratory Analyzer,Roche,Medium,0.0,0.8196,0.9138,0.999,0.8904,CRITICAL
D0299,LABORATORY,Blood Gas Analyzer,Radiometer,Medium,0.0,0.0,0.0,0.0035,0.0011,MONITOR
D0300,LABORATORY,Blood Gas Analyzer,Siemens,Medium,0.0,0.7278,0.9138,0.999,0.8656,CRITICAL
D0301,EMERGENCY,Blood Gas Analyzer,Abbott,Medium,0.0,0.6473,0.0,0.0037,0.1799,MONITOR
D0302,EMERGENCY,Blood Gas Analyzer,Roche,Medium,0.26,0.4283,0.0237,0.0082,0.1588,MONITOR
D0303,RADIOLOGY,PACS Server,Siemens,Medium,0.0,0.7439,0.9209,0.9984,0.8466,CRITICAL
D0304,RADIOLOGY,PACS Server,Siemens,Medium,0.0,0.4943,0.0,0.0063,0.1315,MONITOR
D0305,RADIOLOGY,PACS Server,GE Healthcare,Medium,0.0,0.0,0.0,0.005,0.0016,MONITOR
D0306,ADMIN,EHR Workstation,Cerner,Low,0.0,0.0,0.0,0.0023,0.0007,MONITOR
D0307,ADMIN,EHR Workstation,Cerner,Low,0.0,0.4472,0.0,0.0023,0.1135,MONITOR
D0308,ADMIN,EHR Workstation,Epic,Low,0.0,0.8675,0.8689,0.9988,0.8283,CRITICAL
D0309,ADMIN,EHR Workstation,Meditech,Low,0.0,0.6812,0.0,0.0077,0.1742,MONITOR
D0310,ADMIN,EHR Workstation,Epic,Low,0.0,0.0,0.0,0.0023,0.0007,MONITOR
D0311,ADMIN,EHR Workstation,Meditech,Low,0.81,0.747,0.8882,0.9998,0.8868,CRITICAL
D0312,ADMIN,EHR Workstation,Allscripts,Low,0.0,0.8988,0.8689,0.9988,0.8362,CRITICAL
D0313,ADMIN,EHR Workstation,Athenahealth,Low,0.0,0.0,0.0,0.0019,0.0006,MONITOR
D0314,ADMIN,EHR Workstation,Cerner,Low,0.0,0.6471,0.0,0.007,0.1654,MONITOR
D0315,ADMIN,EHR Workstation,Meditech,Low,0.0,0.6273,0.0,0.007,0.1604,MONITOR
D0316,ADMIN,EHR Workstation,Allscripts,Low,0.33,0.0,0.0017,0.0025,0.0347,MONITOR
D0317,ADMIN,EHR Workstation,Allscripts,Low,0.0,0.8601,0.8692,0.9994,0.8267,CRITICAL
D0318,ADMIN,EHR Workstation,Allscripts,Low,0.0,0.0,0.0,0.0023,0.0007,MONITOR
D0319,ADMIN,EHR Workstation,Epic,Low,0.0,0.8193,0.8689,0.9988,0.8161,CRITICAL
D0320,ADMIN,EHR Workstation,Meditech,Low,0.0,0.5219,0.0,0.007,0.1338,MONITOR
D0321,ADMIN,EHR Workstation,Epic,Low,0.93,0.0,0.8918,0.9986,0.7113,HIGH
D0322,ADMIN,EHR Workstation,Epic,Low,0.0,0.5903,0.0,0.007,0.1511,MONITOR
D0323,ADMIN,EHR Workstation,Epic,Low,0.34,0.6217,0.0018,0.0023,0.1925,MONITOR
D0324,ADMIN,EHR Workstation,Epic,Low,0.28,0.0,0.0015,0.0027,0.0296,MONITOR
D0325,ADMIN,EHR Workstation,Cerner,Low,0.91,0.0,0.8904,0.9986,0.7088,HIGH
D0326,ADMIN,EHR Workstation,Meditech,Low,0.0,0.8842,0.8689,0.9988,0.8325,CRITICAL
D0327,ADMIN,EHR Workstation,Cerner,Low,0.92,0.0,0.8911,0.9986,0.71,HIGH
D0328,ADMIN,EHR Workstation,Cerner,Low,0.71,0.3996,0.8885,0.9986,0.7888,CRITICAL
D0329,ADMIN,EHR Workstation,Allscripts,Low,0.69,0.0,0.0404,0.1454,0.1279,MONITOR
D0330,ADMIN,EHR Workstation,Cerner,Low,0.0,0.0,0.0,0.0023,0.0007,MONITOR
D0331,ADMIN,EHR Workstation,Allscripts,Low,0.5,0.0,0.0033,0.0058,0.0534,MONITOR
D0332,ADMIN,EHR Workstation,Meditech,Low,0.0,0.6982,0.0,0.1342,0.2168,MONITOR
D0333,ADMIN,EHR Workstation,Epic,Low,0.73,0.0,0.8884,0.9986,0.6899,HIGH
D0334,ADMIN,EHR Workstation,Epic,Low,0.0,0.0,0.0,0.0023,0.0007,MONITOR
D0335,ADMIN,EHR Workstation,Cerner,Low,0.27,0.3878,0.0015,0.0079,0.128,MONITOR
D0336,ADMIN,EHR Workstation,Cerner,Low,0.79,0.8478,0.6663,0.9998,0.8318,CRITICAL
D0337,ADMIN,EHR Workstation,Cerner,Low,0.0,0.0,0.0,0.0023,0.0007,MONITOR
D0338,ADMIN,EHR Workstation,Athenahealth,Low,0.46,0.6118,0.0031,0.0124,0.2057,MONITOR
D0339,ADMIN,EHR Workstation,Allscripts,Low,0.0,0.0,0.0,0.0023,0.0007,MONITOR
D0340,ADMIN,EHR Workstation,Meditech,Low,0.0,0.0,0.0,0.0023,0.0007,MONITOR
D0341,ADMIN,EHR Workstation,Epic,Low,0.0,0.0,0.0,0.0023,0.0007,MONITOR
D0342,ADMIN,EHR Workstation,Epic,Low,0.0,0.3739,0.0,0.007,0.0965,MONITOR
D0343,ADMIN,EHR Workstation,Epic,Low,0.96,0.0,0.8943,0.9986,0.7152,HIGH
D0344,ADMIN,EHR Workstation,Allscripts,Low,0.0,0.0,0.0,0.0023,0.0007,MONITOR
D0345,NURSE_STATION,EHR Workstation,Athenahealth,Low,0.75,0.0,0.8977,0.9986,0.697,HIGH
D0346,NURSE_STATION,EHR Workstation,Meditech,Low,0.0,0.0,0.0,0.0026,0.0008,MONITOR
D0347,NURSE_STATION,EHR Workstation,Meditech,Low,0.0,0.5561,0.0,0.0067,0.1427,MONITOR
D0348,NURSE_STATION,EHR Workstation,Allscripts,Low,0.05,0.3973,0.0002,0.0035,0.1067,MONITOR
D0349,NURSE_STATION,EHR Workstation,Cerner,Low,0.0,0.0,0.0,0.0019,0.0006,MONITOR
D0350,NURSE_STATION,EHR Workstation,Athenahealth,Low,0.0,0.0,0.0,0.0019,0.0006,MONITOR
D0351,NURSE_STATION,EHR Workstation,Meditech,Low,0.23,0.6085,0.0013,0.0072,0.1799,MONITOR
D0352,NURSE_STATION,EHR Workstation,Allscripts,Low,0.43,0.0,0.0024,0.0038,0.0455,MONITOR
D0353,NURSE_STATION,EHR Workstation,Cerner,Low,0.08,0.6432,0.0003,0.0028,0.1718,MONITOR
D0354,NURSE_STATION,EHR Workstation,Epic,Low,0.0,0.0,0.0,0.0019,0.0006,MONITOR
D0355,NURSE_STATION,EHR Workstation,Cerner,Low,0.0,0.0,0.0,0.0019,0.0006,MONITOR
D0356,NURSE_STATION,EHR Workstation,Cerner,Low,0.25,0.914,0.8408,0.9988,0.8576,CRITICAL
D0357,NURSE_STATION,EHR Workstation,Cerner,Low,0.26,0.6746,0.0014,0.0068,0.1996,MONITOR
D0358,NURSE_STATION,EHR Workstation,Cerner,Low,0.6,0.0,0.0049,0.012,0.0661,MONITOR
D0359,NURSE_STATION,EHR Workstation,Epic,Low,0.0,0.0,0.0,0.0019,0.0006,MONITOR
D0360,NURSE_STATION,EHR Workstation,Cerner,Low,0.82,0.0,0.8975,0.9986,0.7041,HIGH
D0361,NURSE_STATION,EHR Workstation,Meditech,Low,0.0,0.6226,0.0,0.0026,0.1583,MONITOR
D0362,NURSE_STATION,EHR Workstation,Allscripts,Low,0.0,0.7335,0.8893,0.9988,0.8038,CRITICAL
D0363,NURSE_STATION,EHR Workstation,Athenahealth,Low,0.0,0.8758,0.8896,0.9994,0.8401,CRITICAL
D0364,NURSE_STATION,EHR Workstation,Athenahealth,Low,0.62,0.0,0.0053,0.0128,0.0685,MONITOR
D0365,NURSE_STATION,EHR Workstation,Allscripts,Low,0.0,0.0,0.0,0.0019,0.0006,MONITOR
D0366,NURSE_STATION,EHR Workstation,Epic,Low,0.0,0.6067,0.0,0.0067,0.1555,MONITOR
D0367,NURSE_STATION,EHR Workstation,Epic,Low,0.0,0.0,0.0,0.0026,0.0008,MONITOR
D0368,NURSE_STATION,EHR Workstation,Meditech,Low,0.0,0.7441,0.8893,0.9988,0.8065,CRITICAL
D0369,NURSE_STATION,EHR Workstation,Allscripts,Low,0.0,0.8227,0.8893,0.9988,0.8264,CRITICAL
D0370,NURSE_STATION,EHR Workstation,Epic,Low,0.0,0.0,0.0,0.0026,0.0008,MONITOR
D0371,NURSE_STATION,EHR Workstation,Athenahealth,Low,0.0,0.5596,0.0,0.0026,0.1424,MONITOR
D0372,NURSE_STATION,EHR Workstation,Cerner,Low,0.0,0.0,0.0,0.0026,0.0008,MONITOR
D0373,NURSE_STATION,EHR Workstation,Allscripts,Low,0.81,0.6729,0.8975,0.9984,0.8732,CRITICAL
D0374,NURSE_STATION,EHR Workstation,Athenahealth,Low,0.0,0.0,0.0,0.0026,0.0008,MONITOR
D0375,NURSE_STATION,EHR Workstation,Allscripts,Low,0.52,0.0,0.0035,0.0056,0.0556,MONITOR
D0376,NURSE_STATION,EHR Workstation,Allscripts,Low,0.56,0.412,0.0053,0.0274,0.1711,MONITOR
D0377,NURSE_STATION,EHR Workstation,Epic,Low,0.0,0.0,0.0,0.0019,0.0006,MONITOR
D0378,NURSE_STATION,EHR Workstation,Cerner,Low,0.0,0.0,0.0,0.0019,0.0006,MONITOR
D0379,NURSE_STATION,EHR Workstation,Meditech,Low,0.0,0.5481,0.0,0.0067,0.1407,MONITOR
D0380,NURSE_STATION,EHR Workstation,Athenahealth,Low,0.0,0.8086,0.8883,0.9969,0.8219,CRITICAL
D0381,NURSE_STATION,EHR Workstation,Epic,Low,0.0,0.4366,0.0,0.0067,0.1125,MONITOR
D0382,NURSE_STATION,EHR Workstation,Epic,Low,0.0,0.0,0.0,0.0026,0.0008,MONITOR
D0383,NURSE_STATION,EHR Workstation,Athenahealth,Low,0.0,0.5898,0.0,0.0026,0.15,MONITOR
D0384,NURSE_STATION,EHR Workstation,Athenahealth,Low,0.79,0.0,0.6425,0.997,0.6102,HIGH
D0385,NURSE_STATION,EHR Workstation,Meditech,Low,0.0,0.5852,0.0,0.0067,0.1501,MONITOR
D0386,NURSE_STATION,EHR Workstation,Athenahealth,Low,0.0,0.3546,0.0,0.0067,0.0918,MONITOR
D0387,NURSE_STATION,EHR Workstation,Epic,Low,0.88,0.0,0.8982,0.9986,0.7104,HIGH
D0388,DOCTOR_OFFICE,EHR Workstation,Cerner,Low,0.0,0.0,0.0,0.0023,0.0007,MONITOR
D0389,DOCTOR_OFFICE,EHR Workstation,Cerner,Low,0.07,0.0,0.0003,0.0031,0.0081,MONITOR
D0390,DOCTOR_OFFICE,EHR Workstation,Athenahealth,Low,0.0,0.0,0.0,0.0023,0.0007,MONITOR
D0391,DOCTOR_OFFICE,EHR Workstation,Meditech,Low,0.0,0.8971,0.8783,0.9988,0.8402,CRITICAL
D0392,DOCTOR_OFFICE,EHR Workstation,Athenahealth,Low,0.0,0.0,0.0,0.0023,0.0007,MONITOR
D0393,DOCTOR_OFFICE,EHR Workstation,Cerner,Low,0.0,0.5051,0.0,0.007,0.1297,MONITOR
D0394,DOCTOR_OFFICE,EHR Workstation,Cerner,Low,0.0,0.0,0.0,0.0023,0.0007,MONITOR
D0395,DOCTOR_OFFICE,EHR Workstation,Athenahealth,Low,0.67,0.3687,0.0296,0.0605,0.1897,MONITOR
D0396,DOCTOR_OFFICE,EHR Workstation,Epic,Low,0.0,0.9445,0.8783,0.9988,0.8522,CRITICAL
D0397,DOCTOR_OFFICE,EHR Workstation,Epic,Low,0.59,0.7435,0.5635,0.999,0.7497,HIGH
D0398,DOCTOR_OFFICE,EHR Workstation,Athenahealth,Low,0.0,0.0,0.0,0.0023,0.0007,MONITOR
D0399,DOCTOR_OFFICE,EHR Workstation,Allscripts,Low,0.0,0.4094,0.0,0.007,0.1056,MONITOR
D0400,DOCTOR_OFFICE,EHR Workstation,Allscripts,Low,0.08,0.0,0.0003,0.0031,0.0091,MONITOR
D0401,DOCTOR_OFFICE,EHR Workstation,Meditech,Low,0.23,0.0,0.0013,0.0025,0.0245,MONITOR
D0402,DOCTOR_OFFICE,EHR Workstation,Meditech,Low,0.0,0.0,0.0,0.0023,0.0007,MONITOR
D0403,DOCTOR_OFFICE,EHR Workstation,Allscripts,Low,0.49,0.9563,0.8771,0.9994,0.9044,CRITICAL
D0404,DOCTOR_OFFICE,EHR Workstation,Cerner,Low,0.0,0.0,0.0,0.0023,0.0007,MONITOR
D0405,DOCTOR_OFFICE,EHR Workstation,Allscripts,Low,0.0,0.5648,0.0,0.007,0.1448,MONITOR
D0406,DOCTOR_OFFICE,EHR Workstation,Athenahealth,Low,0.61,0.5724,0.0063,0.0267,0.2166,MONITOR
D0407,DOCTOR_OFFICE,EHR Workstation,Allscripts,Low,0.0,0.0,0.0,0.0023,0.0007,MONITOR
D0408,DOCTOR_OFFICE,EHR Workstation,Cerner,Low,0.84,0.0,0.8929,0.9986,0.7035,HIGH
D0409,DOCTOR_OFFICE,EHR Workstation,Epic,Low,0.0,0.5873,0.0,0.007,0.1505,MONITOR
D0410,DOCTOR_OFFICE,EHR Workstation,Allscripts,Low,0.72,0.479,0.8932,0.9986,0.8125,CRITICAL
D0411,DOCTOR_OFFICE,EHR Workstation,Allscripts,Low,0.0,0.5535,0.0,0.0126,0.1437,MONITOR
D0412,DOCTOR_OFFICE,EHR Workstation,Allscripts,Low,0.78,0.0,0.893,0.9986,0.6975,HIGH
D0413,DOCTOR_OFFICE,EHR Workstation,Allscripts,Low,0.0,0.8172,0.8783,0.9988,0.82,CRITICAL
D0414,DOCTOR_OFFICE,EHR Workstation,Cerner,Low,0.0,0.0,0.0,0.0019,0.0006,MONITOR
D0415,DOCTOR_OFFICE,EHR Workstation,Allscripts,Low,0.46,0.6462,0.0031,0.0124,0.2146,MONITOR
D0416,DOCTOR_OFFICE,EHR Workstation,Cerner,Low,0.0,0.0,0.0,0.0023,0.0007,MONITOR
D0417,DOCTOR_OFFICE,EHR Workstation,Athenahealth,Low,0.28,0.6324,0.0299,0.0079,0.2011,MONITOR
D0418,DOCTOR_OFFICE,EHR Workstation,Allscripts,Low,0.0,0.9293,0.8783,0.9988,0.8483,CRITICAL
D0419,DOCTOR_OFFICE,EHR Workstation,Allscripts,Low,0.8,0.0,0.893,0.9986,0.6995,HIGH
D0420,DOCTOR_OFFICE,EHR Workstation,Athenahealth,Low,0.0,0.0,0.0,0.0019,0.0006,MONITOR
D0421,DOCTOR_OFFICE,EHR Workstation,Athenahealth,Low,0.0,0.0,0.0,0.0019,0.0006,MONITOR
D0422,DOCTOR_OFFICE,EHR Workstation,Meditech,Low,0.0,0.0,0.0,0.0019,0.0006,MONITOR
D0423,DOCTOR_OFFICE,EHR Workstation,Epic,Low,0.0,0.4059,0.0,0.0023,0.1032,MONITOR
D0424,DOCTOR_OFFICE,EHR Workstation,Epic,Low,0.0,0.7375,0.8783,0.9988,0.7999,CRITICAL
D0425,DOCTOR_OFFICE,EHR Workstation,Epic,Low,0.0,0.0,0.0,0.0023,0.0007,MONITOR
D0426,DOCTOR_OFFICE,EHR Workstation,Cerner,Low,0.0,0.0,0.0,0.0023,0.0007,MONITOR
D0427,DOCTOR_OFFICE,EHR Workstation,Allscripts,Low,0.0,0.3942,0.0,0.007,0.1017,MONITOR
D0428,DOCTOR_OFFICE,EHR Workstation,Allscripts,Low,0.0,0.0,0.0,0.0023,0.0007,MONITOR
D0429,GENERAL_WARD,EHR Workstation,Cerner,Low,0.0,0.0,0.0,0.0026,0.0008,MONITOR
D0430,GENERAL_WARD,EHR Workstation,Cerner,Low,0.0,0.7052,0.9012,0.9988,0.8019,CRITICAL
D0431,GENERAL_WARD,EHR Workstation,Epic,Low,0.0,0.5727,0.0,0.0067,0.1471,MONITOR
D0432,GENERAL_WARD,EHR Workstation,Epic,Low,0.0,0.0,0.0,0.0026,0.0008,MONITOR
D0433,GENERAL_WARD,EHR Workstation,Cerner,Low,0.0,0.6368,0.0,0.0067,0.1634,MONITOR
D0434,GENERAL_WARD,EHR Workstation,Cerner,Low,0.0,0.9273,0.9012,0.9988,0.8582,CRITICAL
D0435,GENERAL_WARD,EHR Workstation,Meditech,Low,0.0,0.4337,0.0,0.0067,0.1119,MONITOR
D0436,GENERAL_WARD,EHR Workstation,Allscripts,Low,0.0,0.0,0.0,0.0026,0.0008,MONITOR
D0437,GENERAL_WARD,EHR Workstation,Epic,Low,0.0,0.8553,0.9015,0.9994,0.8402,CRITICAL
D0438,GENERAL_WARD,EHR Workstation,Allscripts,Low,0.03,0.5793,0.0002,0.0075,0.1521,MONITOR
D0439,GENERAL_WARD,EHR Workstation,Epic,Low,0.45,0.0,0.0026,0.0035,0.0476,MONITOR
D0440,GENERAL_WARD,EHR Workstation,Epic,Low,0.0,0.0,0.0,0.0019,0.0006,MONITOR
D0441,GENERAL_WARD,EHR Workstation,Allscripts,Low,0.0,0.0,0.0,0.0019,0.0006,MONITOR
D0442,GENERAL_WARD,EHR Workstation,Meditech,Low,0.0,0.0,0.0,0.0019,0.0006,MONITOR
D0443,GENERAL_WARD,EHR Workstation,Athenahealth,Low,0.0,0.0,0.0,0.0026,0.0008,MONITOR
D0444,GENERAL_WARD,EHR Workstation,Cerner,Low,0.0,0.0,0.0,0.0026,0.0008,MONITOR
D0445,GENERAL_WARD,EHR Workstation,Epic,Low,0.47,0.4163,0.0028,0.0049,0.1556,MONITOR
D0446,GENERAL_WARD,EHR Workstation,Allscripts,Low,0.49,0.6115,0.0033,0.0116,0.2093,MONITOR
D0447,GENERAL_WARD,EHR Workstation,Meditech,Low,0.0,0.0,0.0,0.0026,0.0008,MONITOR
D0448,GENERAL_WARD,EHR Workstation,Meditech,Low,0.0,0.0,0.0,0.0019,0.0006,MONITOR
D0449,GENERAL_WARD,EHR Workstation,Athenahealth,Low,0.0,0.0,0.0,0.0019,0.0006,MONITOR
D0450,GENERAL_WARD,EHR Workstation,Athenahealth,Low,0.3,0.0,0.0015,0.0028,0.0318,MONITOR
D0451,GENERAL_WARD,EHR Workstation,Epic,Low,0.0,0.547,0.0,0.0067,0.1406,MONITOR
D0452,GENERAL_WARD,EHR Workstation,Athenahealth,Low,0.0,0.0,0.0,0.0026,0.0008,MONITOR
D0453,GENERAL_WARD,EHR Workstation,Cerner,Low,0.0,0.0,0.0,0.0019,0.0006,MONITOR
D0454,GENERAL_WARD,EHR Workstation,Epic,Low,0.0,0.0,0.0,0.0026,0.0008,MONITOR
D0455,GENERAL_WARD,EHR Workstation,Epic,Low,0.9,0.8751,0.9036,0.9998,0.9373,CRITICAL
D0456,GENERAL_WARD,EHR Workstation,Cerner,Low,0.89,0.4545,0.9029,0.9986,0.8291,CRITICAL
D0457,GENERAL_WARD,EHR Workstation,Epic,Low,0.0,0.0,0.0,0.0026,0.0008,MONITOR
D0458,GENERAL_WARD,EHR Workstation,Athenahealth,Low,0.23,0.0,0.0146,0.0033,0.0295,MONITOR
D0459,GENERAL_WARD,EHR Workstation,Athenahealth,Low,0.0,0.6516,0.0,0.0068,0.1671,MONITOR
D0460,GENERAL_WARD,EHR Workstation,Athenahealth,Low,0.1,0.538,0.0005,0.0099,0.1496,MONITOR
D0461,GENERAL_WARD,EHR Workstation,Allscripts,Low,0.0,0.4073,0.0,0.0067,0.1052,MONITOR
D0462,GENERAL_WARD,EHR Workstation,Allscripts,Low,0.0,0.5775,0.0,0.0067,0.1483,MONITOR
D0463,GENERAL_WARD,EHR Workstation,Cerner,Low,0.24,0.0,0.0013,0.003,0.0257,MONITOR
D0464,GENERAL_WARD,EHR Workstation,Meditech,Low,0.0,0.0,0.0,0.0026,0.0008,MONITOR
D0465,GENERAL_WARD,EHR Workstation,Cerner,Low,0.81,0.0,0.9019,0.9986,0.7055,HIGH
D0466,GENERAL_WARD,EHR Workstation,Epic,Low,0.92,0.0,0.6741,0.9986,0.6359,HIGH
D0467,GENERAL_WARD,EHR Workstation,Athenahealth,Low,0.0,0.0,0.0,0.0026,0.0008,MONITOR
D0468,GENERAL_WARD,EHR Workstation,Meditech,Low,0.0,0.0,0.0,0.0019,0.0006,MONITOR
D0469,GENERAL_WARD,EHR Workstation,Meditech,Low,0.0,0.0,0.0,0.0026,0.0008,MONITOR
D0470,GENERAL_WARD,EHR Workstation,Epic,Low,0.0,0.0,0.0,0.0026,0.0008,MONITOR
D0471,GENERAL_WARD,EHR Workstation,Cerner,Low,0.38,0.5662,0.002,0.003,0.1836,MONITOR
D0472,GENERAL_WARD,EHR Workstation,Allscripts,Low,0.97,0.0,0.9083,0.9986,0.724,HIGH
D0473,GENERAL_WARD,EHR Workstation,Allscripts,Low,0.97,0.0,0.6852,0.9986,0.6449,HIGH
