device,name,device_type,manufacturer,model,generic_name,ward,ward_criticality,patient_impact,criticality,network,ip,maintenance,static_risk,behaviour_risk,gnn_risk,xgb_risk,total_risk,clinical_urgency,fda_event_type,fda_report_date,fda_mdr_key
RCL0348,Recalled Device 348,Medfusion ASSEMBLY PLUNGER CAS,Smiths Medical ASD Inc.,Medfusion ASSEMBLY P,Medfusion ASSEMBLY PLUNGER CAS,GENERAL_WARD,0.6,DIAGNOSTIC,High,CLINICAL,10.3.75.34,2026-04-02,0.85,0.637,0.935,0.892,1.0,CRITICAL,RECALL,,
RCL0346,Recalled Device 346,"Medfusion Syringe Pump, Model ",Smiths Medical ASD Inc.,Medfusion Syringe Pu,"Medfusion Syringe Pump, Model ",GENERAL_WARD,0.6,DIAGNOSTIC,High,CLINICAL,10.3.183.150,2026-04-02,0.85,0.446,0.935,0.892,1.0,CRITICAL,RECALL,,
FDA0036,Infusion Pump 036,Infusion Pump,"Abiomed, Inc. - 1220648",IMPELLA 5.5 WITH SMA,TEMPORARY NON-ROLLER TYPE LEFT,ICU,0.95,CRITICAL_CARE,High,CRITICAL_CARE,10.2.170.178,2026-07-04,0.743,0.874,0.875,0.849,1.0,CRITICAL,Injury,20260227,24466165
RCL0345,Recalled Device 345,"Medfusion Syringe Pump, Model ",Smiths Medical ASD Inc.,Medfusion Syringe Pu,"Medfusion Syringe Pump, Model ",GENERAL_WARD,0.6,DIAGNOSTIC,High,CLINICAL,10.3.250.150,2026-04-02,0.85,0.498,0.935,0.892,1.0,CRITICAL,RECALL,,
RCL0340,Recalled Device 340,Symbiq One Channel Infuser; an,Hospira Inc.,Symbiq One Channel I,Symbiq One Channel Infuser; an,GENERAL_WARD,0.6,DIAGNOSTIC,High,CLINICAL,10.3.244.162,2026-04-02,0.85,0.43,0.935,0.892,1.0,CRITICAL,RECALL,,
RCL0343,Recalled Device 343,"Medfusion Syringe Pump, Model ",Smiths Medical ASD Inc.,Medfusion Syringe Pu,"Medfusion Syringe Pump, Model ",GENERAL_WARD,0.6,DIAGNOSTIC,High,CLINICAL,10.3.22.107,2026-04-02,0.85,0.497,0.935,0.892,1.0,CRITICAL,RECALL,,
RCL0344,Recalled Device 344,"Medfusion Syringe Pump, Model ",Smiths Medical ASD Inc.,Medfusion Syringe Pu,"Medfusion Syringe Pump, Model ",GENERAL_WARD,0.6,DIAGNOSTIC,High,CLINICAL,10.3.225.229,2026-04-02,0.85,0.516,0.935,0.892,1.0,CRITICAL,RECALL,,
RCL0341,Recalled Device 341,Symbiq Two Channel Infuser; an,Hospira Inc.,Symbiq Two Channel I,Symbiq Two Channel Infuser; an,GENERAL_WARD,0.6,DIAGNOSTIC,High,CLINICAL,10.3.208.189,2026-04-02,0.85,0.335,0.935,0.892,0.976,CRITICAL,RECALL,,
RCL0347,Recalled Device 347,"Medfusion PLUNGER FLOAT PLATE,",Smiths Medical ASD Inc.,Medfusion PLUNGER FL,"Medfusion PLUNGER FLOAT PLATE,",GENERAL_WARD,0.6,DIAGNOSTIC,High,CLINICAL,10.3.88.85,2026-04-02,0.85,0.322,0.935,0.892,0.972,CRITICAL,RECALL,,
FDA0012,Ventilator 012,Ventilator,"Respironics, Inc.",REMSTAR AUTOA-FLEX,"VENTILATOR, NON-CONTINUOUS (RE",ICU,0.95,LIFE_SUPPORT,High,CRITICAL_CARE,10.1.123.248,2026-08-21,0.45,0.846,0.669,0.68,0.943,CRITICAL,Malfunction,20260227,24466109
RCL0303,Recalled Device 303,"Z-800 Infusion System, Model N",Zyno Medical LLC,Z-800 Infusion Syste,"Z-800 Infusion System, Model N",GENERAL_WARD,0.6,DIAGNOSTIC,High,CLINICAL,10.3.15.113,2026-04-02,0.65,0.683,0.715,0.683,0.885,CRITICAL,RECALL,,
FDA0018,Ventilator 018,Ventilator,"Respironics, Inc.",REMSTAR PRO C-FLEX+,"VENTILATOR, NON-CONTINUOUS (RE",ICU,0.95,LIFE_SUPPORT,High,CRITICAL_CARE,10.4.229.128,2026-09-19,0.526,0.671,0.642,0.628,0.878,CRITICAL,Malfunction,20260227,24466135
FDA0013,Ventilator 013,Ventilator,"Respironics, Inc.",REMSTAR PRO C-FLEX+,"VENTILATOR, NON-CONTINUOUS (RE",ICU,0.95,LIFE_SUPPORT,High,CRITICAL_CARE,10.2.22.62,2026-06-23,0.512,0.669,0.632,0.62,0.866,CRITICAL,Malfunction,20260227,24466110
RCL0350,Recalled Device 350,"Sapphire Infusion Pumps, Model","EITAN MEDICAL LTD 29, Yad Khar",Sapphire Infusion Pu,"Sapphire Infusion Pumps, Model",GENERAL_WARD,0.6,DIAGNOSTIC,High,CLINICAL,10.3.54.241,2026-04-02,0.65,0.574,0.715,0.683,0.85,CRITICAL,RECALL,,
FDA0004,Ventilator 004,Ventilator,"Respironics, Inc.",REMSTAR PRO C-FLEX+,"VENTILATOR, NON-CONTINUOUS (RE",ICU,0.95,LIFE_SUPPORT,High,CRITICAL_CARE,10.4.114.173,2026-08-24,0.309,0.736,0.528,0.549,0.757,CRITICAL,Malfunction,20260227,24466076
FDA0038,Infusion Pump 038,Infusion Pump,"Abiomed, Inc. - 1220648",RP FLEX W SMART ASSI,TEMPORARY NON-ROLLER TYPE RIGH,ICU,0.95,CRITICAL_CARE,High,CRITICAL_CARE,10.4.178.210,2026-09-23,0.857,0.253,0.677,0.583,0.754,CRITICAL,Death,20260227,24466174
FDA0210,Dialysis Machine 210,Dialysis Machine,Vantive Us Healthcare Llc,NI,"SET, ADMINISTRATION, FOR PERIT",ICU,0.95,LIFE_SUPPORT,High,CRITICAL_CARE,10.1.207.125,2026-10-09,0.73,0.272,0.601,0.526,0.753,CRITICAL,Injury,20260226,24460867
FDA0208,Dialysis Machine 208,Dialysis Machine,Vantive Us Healthcare Llc,MINICAP TRANSFER SET,"SET, ADMINISTRATION, FOR PERIT",ICU,0.95,LIFE_SUPPORT,High,CRITICAL_CARE,10.3.112.77,2026-05-22,0.739,0.232,0.59,0.51,0.732,HIGH,Injury,20260226,24457017
FDA0138,Syringe Pump 138,Syringe Pump,"Abiomed, Inc. - 1220648",RP FLEX W SMART ASSI,TEMPORARY NON-ROLLER TYPE RIGH,ICU,0.95,CRITICAL_CARE,High,CRITICAL_CARE,10.3.175.178,2026-09-21,0.874,0.185,0.658,0.556,0.722,HIGH,Death,20260227,24466174
FDA0214,Dialysis Machine 214,Dialysis Machine,Vantive Us Healthcare Llc,NI,"SET, ADMINISTRATION, FOR PERIT",ICU,0.95,LIFE_SUPPORT,High,CRITICAL_CARE,10.4.212.159,2026-01-02,0.751,0.203,0.585,0.501,0.721,HIGH,Injury,20260225,24443767
FDA0040,Infusion Pump 040,Infusion Pump,"Abiomed, Inc. - 1220648",PUMP 371 14F LT CMR ,TEMPORARY NON-ROLLER TYPE LEFT,ICU,0.95,CRITICAL_CARE,High,CRITICAL_CARE,10.2.245.63,2026-02-16,0.817,0.235,0.643,0.552,0.715,HIGH,Death,20260227,24466208
RCL0310,Recalled Device 310,"Acclaim Encore Infusion Pump, ",Hospira Inc,Acclaim Encore Infus,"Acclaim Encore Infusion Pump, ",GENERAL_WARD,0.6,DIAGNOSTIC,High,CLINICAL,10.3.118.89,2026-04-02,0.45,0.653,0.495,0.473,0.672,HIGH,RECALL,,
RCL0328,Recalled Device 328,"Plum XL, list numbers 11555-04",Hospira Inc,"Plum XL, list number","Plum XL, list numbers 11555-04",GENERAL_WARD,0.6,DIAGNOSTIC,High,CLINICAL,10.3.164.39,2026-04-02,0.45,0.651,0.495,0.473,0.671,HIGH,RECALL,,
RCL0313,Recalled Device 313,GemStar Docking Station (90-26,Hospira Inc,GemStar Docking Stat,GemStar Docking Station (90-26,GENERAL_WARD,0.6,DIAGNOSTIC,High,CLINICAL,10.3.207.203,2026-04-02,0.45,0.642,0.495,0.473,0.668,HIGH,RECALL,,
FDA0218,Dialysis Machine 218,Dialysis Machine,Vantive Us Healthcare Llc,NI,"SET, ADMINISTRATION, FOR PERIT",ICU,0.95,LIFE_SUPPORT,High,CRITICAL_CARE,10.1.67.115,2026-06-02,0.64,0.246,0.531,0.465,0.666,HIGH,Injury,20260225,24445071
RCL0327,Recalled Device 327,Plum A+ Infusion System with H,Hospira Inc,Plum A+ Infusion Sys,Plum A+ Infusion System with H,GENERAL_WARD,0.6,DIAGNOSTIC,High,CLINICAL,10.3.88.10,2026-04-02,0.45,0.62,0.495,0.473,0.661,HIGH,RECALL,,
RCL0309,Recalled Device 309,Plum A+ Hyperbaric Single Chan,Hospira Inc.,Plum A+ Hyperbaric S,Plum A+ Hyperbaric Single Chan,GENERAL_WARD,0.6,DIAGNOSTIC,High,CLINICAL,10.3.97.185,2026-04-02,0.45,0.62,0.495,0.473,0.661,HIGH,RECALL,,
RCL0349,Recalled Device 349,Reservoir Bag for WalkMed Infu,"WalkMed, LLC",Reservoir Bag for Wa,Reservoir Bag for WalkMed Infu,GENERAL_WARD,0.6,DIAGNOSTIC,High,CLINICAL,10.3.49.146,2026-04-02,0.45,0.619,0.495,0.473,0.661,HIGH,RECALL,,
RCL0325,Recalled Device 325,Alaris Pump Module model 8100 ,"CareFusion 303, Inc.",Alaris Pump Module m,Alaris Pump Module model 8100 ,GENERAL_WARD,0.6,DIAGNOSTIC,High,CLINICAL,10.3.41.38,2026-04-02,0.45,0.618,0.495,0.473,0.66,HIGH,RECALL,,
RCL0331,Recalled Device 331,"Plum XL3M, List numbers 11845-",Hospira Inc,"Plum XL3M, List numb","Plum XL3M, List numbers 11845-",GENERAL_WARD,0.6,DIAGNOSTIC,High,CLINICAL,10.3.160.36,2026-04-02,0.45,0.618,0.495,0.473,0.66,HIGH,RECALL,,
RCL0338,Recalled Device 338,Infusion Dynamics Power Infuse,"Infusion Dynamics, A Div. of Z",Infusion Dynamics Po,Infusion Dynamics Power Infuse,GENERAL_WARD,0.6,DIAGNOSTIC,High,CLINICAL,10.3.136.166,2026-04-02,0.45,0.618,0.495,0.473,0.66,HIGH,RECALL,,
FDA0209,Dialysis Machine 209,Dialysis Machine,Vantive Us Healthcare Llc,NI,"SET, ADMINISTRATION, FOR PERIT",ICU,0.95,LIFE_SUPPORT,High,CRITICAL_CARE,10.2.148.13,2026-09-12,0.625,0.25,0.522,0.459,0.657,HIGH,Injury,20260226,24460715
RCL0322,Recalled Device 322,"Plum A+ v.11.X, list #s 12391-",Hospira Inc,"Plum A+ v.11.X, list","Plum A+ v.11.X, list #s 12391-",GENERAL_WARD,0.6,DIAGNOSTIC,High,CLINICAL,10.3.124.108,2026-04-02,0.45,0.608,0.495,0.473,0.657,HIGH,RECALL,,
FDA0217,Dialysis Machine 217,Dialysis Machine,Vantive Us Healthcare Llc,NI,"SET, ADMINISTRATION, FOR PERIT",ICU,0.95,LIFE_SUPPORT,High,CRITICAL_CARE,10.3.236.237,2026-04-25,0.696,0.172,0.535,0.456,0.657,HIGH,Injury,20260225,24444829
RCL0317,Recalled Device 317,"Nutrimix Micro Compounder, Lis",Hospira Inc,Nutrimix Micro Compo,"Nutrimix Micro Compounder, Lis",GENERAL_WARD,0.6,DIAGNOSTIC,High,CLINICAL,10.3.168.175,2026-04-02,0.45,0.601,0.495,0.473,0.655,HIGH,RECALL,,
RCL0334,Recalled Device 334,Outlook ES pump is intended fo,"B Braun Medical, Inc",Outlook ES pump is i,Outlook ES pump is intended fo,GENERAL_WARD,0.6,DIAGNOSTIC,High,CLINICAL,10.3.86.71,2026-04-02,0.45,0.603,0.495,0.473,0.655,HIGH,RECALL,,
FDA0220,Dialysis Machine 220,Dialysis Machine,Vantive Us Healthcare Llc,NI,"SET, ADMINISTRATION, FOR PERIT",ICU,0.95,LIFE_SUPPORT,High,CRITICAL_CARE,10.2.210.13,2026-01-12,0.729,0.134,0.54,0.453,0.655,HIGH,Injury,20260225,24445300
RCL0337,Recalled Device 337,CADD(TM) Medication Cassette R,Smiths Medical ASD Inc.,CADD(TM) Medication ,CADD(TM) Medication Cassette R,GENERAL_WARD,0.6,DIAGNOSTIC,High,CLINICAL,10.3.122.104,2026-04-02,0.45,0.6,0.495,0.473,0.654,HIGH,RECALL,,
RCL0342,Recalled Device 342,***This recall is being conduc,MOOG Medical Devices Group,***This recall is be,***This recall is being conduc,GENERAL_WARD,0.6,DIAGNOSTIC,High,CLINICAL,10.3.115.98,2026-04-02,0.45,0.593,0.495,0.473,0.652,HIGH,RECALL,,
RCL0311,Recalled Device 311,"Flexiflo Quantum Enteral Pump,",Hospira Inc,Flexiflo Quantum Ent,"Flexiflo Quantum Enteral Pump,",GENERAL_WARD,0.6,DIAGNOSTIC,High,CLINICAL,10.3.176.36,2026-04-02,0.45,0.584,0.495,0.473,0.649,HIGH,RECALL,,
FDA0078,Defibrillator 078,Defibrillator,Zoll Medical Corporation,AED PLUS,DEFIBRILLATOR,ICU,0.95,LIFE_SUPPORT,High,CRITICAL_CARE,10.2.24.186,2026-04-27,0.602,0.251,0.508,0.448,0.64,HIGH,Malfunction,20260227,24468730
RCL0330,Recalled Device 330,"Plum XL 3, list #s 11781-04-01",Hospira Inc,"Plum XL 3, list #s 1","Plum XL 3, list #s 11781-04-01",GENERAL_WARD,0.6,DIAGNOSTIC,High,CLINICAL,10.3.82.156,2026-04-02,0.45,0.551,0.495,0.473,0.638,HIGH,RECALL,,
RCL0315,Recalled Device 315,"LifeCare PCA 3, list #s 12384-",Hospira Inc,"LifeCare PCA 3, list","LifeCare PCA 3, list #s 12384-",GENERAL_WARD,0.6,DIAGNOSTIC,High,CLINICAL,10.3.50.233,2026-04-02,0.45,0.548,0.495,0.473,0.638,HIGH,RECALL,,
RCL0320,Recalled Device 320,Plum A+ Infusion System (veter,Hospira Inc,Plum A+ Infusion Sys,Plum A+ Infusion System (veter,GENERAL_WARD,0.6,DIAGNOSTIC,High,CLINICAL,10.3.19.12,2026-04-02,0.45,0.533,0.495,0.473,0.633,HIGH,RECALL,,
RCL0336,Recalled Device 336,CADD(TM) Medication Cassette R,Smiths Medical ASD Inc.,CADD(TM) Medication ,CADD(TM) Medication Cassette R,GENERAL_WARD,0.6,DIAGNOSTIC,High,CLINICAL,10.3.95.163,2026-04-02,0.45,0.528,0.495,0.473,0.631,HIGH,RECALL,,
RCL0339,Recalled Device 339,CADD(TM) Yellow Medication Cas,Smiths Medical ASD Inc.,CADD(TM) Yellow Medi,CADD(TM) Yellow Medication Cas,GENERAL_WARD,0.6,DIAGNOSTIC,High,CLINICAL,10.3.233.26,2026-04-02,0.45,0.522,0.495,0.473,0.629,HIGH,RECALL,,
RCL0312,Recalled Device 312,GemStar AC Wall (Mains) adapte,Hospira Inc,GemStar AC Wall (Mai,GemStar AC Wall (Mains) adapte,GENERAL_WARD,0.6,DIAGNOSTIC,High,CLINICAL,10.3.116.139,2026-04-02,0.45,0.518,0.495,0.473,0.628,HIGH,RECALL,,
FDA0140,Syringe Pump 140,Syringe Pump,"Abiomed, Inc. - 1220648",PUMP 371 14F LT CMR ,TEMPORARY NON-ROLLER TYPE LEFT,ICU,0.95,CRITICAL_CARE,High,CRITICAL_CARE,10.4.214.177,2026-09-03,0.835,0.077,0.585,0.479,0.627,HIGH,Death,20260227,24466208
FDA0070,Defibrillator 070,Defibrillator,Zoll Manufacturing Corporation,LIFEVEST WCD 4000 SY,WEARABLE CARDIOVERTER DEFIBRIL,ICU,0.95,LIFE_SUPPORT,High,CRITICAL_CARE,10.1.209.113,2026-06-10,0.628,0.205,0.505,0.437,0.627,HIGH,Malfunction,20260227,24468489
RCL0304,Recalled Device 304,CareFusion Alaris PC Unit Mode,CareFusion Corporation,CareFusion Alaris PC,CareFusion Alaris PC Unit Mode,GENERAL_WARD,0.6,DIAGNOSTIC,High,CLINICAL,10.3.131.66,2026-04-02,0.45,0.507,0.495,0.473,0.624,HIGH,RECALL,,
FDA0061,Defibrillator 061,Defibrillator,Boston Scientific Corporation,MOMENTUM? EL ICD DR,IMPLANTABLE CARDIOVERTER DEFIB,EMERGENCY,0.85,LIFE_SUPPORT,High,CRITICAL_CARE,10.2.123.100,2026-03-07,0.788,0.124,0.575,0.479,0.621,HIGH,Injury,20260227,24466087
RCL0318,Recalled Device 318,"Omniflow 4000 Plus, List numbe",Hospira Inc,"Omniflow 4000 Plus, ","Omniflow 4000 Plus, List numbe",GENERAL_WARD,0.6,DIAGNOSTIC,High,CLINICAL,10.3.112.199,2026-04-02,0.45,0.486,0.495,0.473,0.617,HIGH,RECALL,,
RCL0316,Recalled Device 316,LifeCare PCA with Hospira Medn,Hospira Inc,LifeCare PCA with Ho,LifeCare PCA with Hospira Medn,GENERAL_WARD,0.6,DIAGNOSTIC,High,CLINICAL,10.3.65.143,2026-04-02,0.45,0.479,0.495,0.473,0.615,HIGH,RECALL,,
RCL0332,Recalled Device 332,"Plum XLM, list #s 11846-04-03,",Hospira Inc,"Plum XLM, list #s 11","Plum XLM, list #s 11846-04-03,",GENERAL_WARD,0.6,DIAGNOSTIC,High,CLINICAL,10.3.187.199,2026-04-02,0.45,0.479,0.495,0.473,0.615,HIGH,RECALL,,
FDA0072,Defibrillator 072,Defibrillator,Zoll Manufacturing Corporation,LIFEVEST WCD 5100 SY,WEARABLE CARDIOVERTER DEFIBRIL,ICU,0.95,LIFE_SUPPORT,High,CRITICAL_CARE,10.2.156.27,2026-07-21,0.598,0.216,0.49,0.427,0.612,HIGH,Malfunction,20260227,24468576
FDA0016,Ventilator 016,Ventilator,"Respironics, Inc.",REMSTAR,"VENTILATOR, NON-CONTINUOUS (RE",ICU,0.95,LIFE_SUPPORT,High,CRITICAL_CARE,10.1.15.30,2026-04-14,0.629,0.182,0.495,0.426,0.612,HIGH,Malfunction,20260227,24466121
FDA0062,Defibrillator 062,Defibrillator,Abbott,RIATA PASSIVE FIXATI,Permanent defibrillator electr,ICU,0.95,LIFE_SUPPORT,High,CRITICAL_CARE,10.3.153.90,2026-03-04,0.56,0.254,0.481,0.427,0.61,HIGH,Malfunction,20260227,24466108
RCL0326,Recalled Device 326,Plum A+3 Infusion System with ,Hospira Inc,Plum A+3 Infusion Sy,Plum A+3 Infusion System with ,GENERAL_WARD,0.6,DIAGNOSTIC,High,CLINICAL,10.3.161.93,2026-04-02,0.45,0.46,0.495,0.473,0.609,HIGH,RECALL,,
RCL0306,Recalled Device 306,Plum A+ Single Channel Infusio,Hospira Inc.,Plum A+ Single Chann,Plum A+ Single Channel Infusio,GENERAL_WARD,0.6,DIAGNOSTIC,High,CLINICAL,10.3.10.209,2026-04-02,0.45,0.456,0.495,0.473,0.608,HIGH,RECALL,,
FDA0219,Dialysis Machine 219,Dialysis Machine,Vantive Us Healthcare Llc,NI,"SET, ADMINISTRATION, FOR PERIT",ICU,0.95,LIFE_SUPPORT,High,CRITICAL_CARE,10.1.155.62,2026-02-15,0.589,0.217,0.484,0.423,0.606,HIGH,Injury,20260225,24445122
RCL0305,Recalled Device 305,Outlook ES Safety Infusion Sys,"B Braun Medical, Inc",Outlook ES Safety In,Outlook ES Safety Infusion Sys,GENERAL_WARD,0.6,DIAGNOSTIC,High,CLINICAL,10.3.138.111,2026-04-02,0.45,0.449,0.495,0.473,0.605,HIGH,RECALL,,
RCL0321,Recalled Device 321,"Plum A+3, list #s 12348-04-03,",Hospira Inc,"Plum A+3, list #s 12","Plum A+3, list #s 12348-04-03,",GENERAL_WARD,0.6,DIAGNOSTIC,High,CLINICAL,10.3.247.55,2026-04-02,0.45,0.438,0.495,0.473,0.602,HIGH,RECALL,,
RCL0333,Recalled Device 333,"Plum XL3D, list #s 11855-04-01",Hospira Inc,"Plum XL3D, list #s 1","Plum XL3D, list #s 11855-04-01",GENERAL_WARD,0.6,DIAGNOSTIC,High,CLINICAL,10.3.87.173,2026-04-02,0.45,0.42,0.495,0.473,0.596,HIGH,RECALL,,
FDA0034,Infusion Pump 034,Infusion Pump,"Abiomed, Inc. - 1220648",IMPELLA 5.5 WITH SMA,TEMPORARY NON-ROLLER TYPE LEFT,ICU,0.95,CRITICAL_CARE,High,CRITICAL_CARE,10.1.123.49,2026-05-12,0.77,0.096,0.55,0.455,0.594,HIGH,Injury,20260227,24466139
RCL0324,Recalled Device 324,"Plum A+3 v.11.X, list #s 12618",Hospira Inc,"Plum A+3 v.11.X, lis","Plum A+3 v.11.X, list #s 12618",GENERAL_WARD,0.6,DIAGNOSTIC,High,CLINICAL,10.3.128.105,2026-04-02,0.45,0.412,0.495,0.473,0.593,HIGH,RECALL,,
RCL0335,Recalled Device 335,"Belmont Rapid Infuser, a Fluid",Belmont Instrument Corporation,Belmont Rapid Infuse,"Belmont Rapid Infuser, a Fluid",GENERAL_WARD,0.6,DIAGNOSTIC,High,CLINICAL,10.3.211.163,2026-04-02,0.45,0.408,0.495,0.473,0.592,HIGH,RECALL,,
RCL0302,Recalled Device 302,Baxter Colleague Triple Channe,Baxter Healthcare Corp. Rt.,Baxter Colleague Tri,Baxter Colleague Triple Channe,GENERAL_WARD,0.6,DIAGNOSTIC,High,CLINICAL,10.3.215.204,2026-04-02,0.45,0.406,0.495,0.473,0.591,HIGH,RECALL,,
FDA0076,Defibrillator 076,Defibrillator,Zoll Manufacturing Corporation,LIFEVEST WCD 4000 SY,WEARABLE CARDIOVERTER DEFIBRIL,ICU,0.95,LIFE_SUPPORT,High,CRITICAL_CARE,10.3.48.160,2026-06-14,0.494,0.294,0.455,0.414,0.587,HIGH,Malfunction,20260227,24468699
RCL0329,Recalled Device 329,"Plum XLD, list numbers 11859-0",Hospira Inc,"Plum XLD, list numbe","Plum XLD, list numbers 11859-0",GENERAL_WARD,0.6,DIAGNOSTIC,High,CLINICAL,10.3.41.196,2026-04-02,0.45,0.39,0.495,0.473,0.586,HIGH,RECALL,,
FDA0180,Pacemaker Programmer 180,Pacemaker Programmer,Medtronic Puerto Rico Villalba,CAPSUREFIX NOVUS LEA,PERMANENT PACEMAKER ELECTRODE,CARDIOLOGY,0.8,CRITICAL_CARE,High,CLINICAL,10.2.12.148,2026-03-20,0.759,0.264,0.617,0.537,0.583,HIGH,Injury,20260227,24466625
FDA0136,Syringe Pump 136,Syringe Pump,"Abiomed, Inc. - 1220648",IMPELLA 5.5 WITH SMA,TEMPORARY NON-ROLLER TYPE LEFT,GENERAL_WARD,0.6,CRITICAL_CARE,High,CLINICAL,10.1.247.250,2026-08-22,0.727,0.659,0.77,0.728,0.582,HIGH,Injury,20260227,24466165
FDA0065,Defibrillator 065,Defibrillator,Zoll Manufacturing Corporation,LIFEVEST WCD 4000 SY,WEARABLE CARDIOVERTER DEFIBRIL,ICU,0.95,LIFE_SUPPORT,High,CRITICAL_CARE,10.1.16.153,2026-03-01,0.584,0.186,0.467,0.404,0.58,HIGH,Malfunction,20260227,24468239
FDA0121,Syringe Pump 121,Syringe Pump,Beta Bionics Inc.,ILET BIONIC PANCREAS,ALTERNATE CONTROLLER ENABLED I,ICU,0.95,CRITICAL_CARE,High,CRITICAL_CARE,10.4.40.248,2026-04-16,0.565,0.297,0.504,0.453,0.58,HIGH,Malfunction,20260227,24466007
RCL0301,Recalled Device 301,Baxter Colleague Single Channe,Baxter Healthcare Corp. Rt.,Baxter Colleague Sin,Baxter Colleague Single Channe,GENERAL_WARD,0.6,DIAGNOSTIC,High,CLINICAL,10.3.186.140,2026-04-02,0.45,0.369,0.495,0.473,0.579,HIGH,RECALL,,
FDA0129,Syringe Pump 129,Syringe Pump,Beta Bionics Inc.,ILET BIONIC PANCREAS,ALTERNATE CONTROLLER ENABLED I,ICU,0.95,CRITICAL_CARE,High,CRITICAL_CARE,10.2.120.93,2026-09-12,0.578,0.279,0.504,0.45,0.577,HIGH,Malfunction,20260227,24466050
RCL0319,Recalled Device 319,Plum LifeCare 5000 (Plum 1.6) ,Hospira Inc,Plum LifeCare 5000 (,Plum LifeCare 5000 (Plum 1.6) ,GENERAL_WARD,0.6,DIAGNOSTIC,High,CLINICAL,10.3.26.152,2026-04-02,0.45,0.356,0.495,0.473,0.575,HIGH,RECALL,,
FDA0025,Infusion Pump 025,Infusion Pump,Medtronic Puerto Rico Operatio,PUMP 1886 780G OUS B,AUTOMATED INSULIN DOSING DEVIC,ICU,0.95,CRITICAL_CARE,High,CRITICAL_CARE,10.4.205.108,2026-04-17,0.574,0.278,0.501,0.447,0.574,HIGH,Malfunction,20260227,24466039
RCL0307,Recalled Device 307,Plum A+3 Triple Channel Infusi,Hospira Inc.,Plum A+3 Triple Chan,Plum A+3 Triple Channel Infusi,GENERAL_WARD,0.6,DIAGNOSTIC,High,CLINICAL,10.3.149.50,2026-04-02,0.45,0.334,0.495,0.473,0.568,HIGH,RECALL,,
FDA0011,Ventilator 011,Ventilator,"Respironics, Inc.",REMSTAR PRO C-FLEX+,"VENTILATOR, NON-CONTINUOUS (RE",ICU,0.95,LIFE_SUPPORT,High,CRITICAL_CARE,10.1.17.128,2026-04-08,0.513,0.245,0.446,0.398,0.567,HIGH,Malfunction,20260227,24466085
RCL0314,Recalled Device 314,"LifeCare PCA Plus II, list #01",Hospira Inc,LifeCare PCA Plus II,"LifeCare PCA Plus II, list #01",GENERAL_WARD,0.6,DIAGNOSTIC,High,CLINICAL,10.3.85.118,2026-04-02,0.45,0.324,0.495,0.473,0.565,HIGH,RECALL,,
FDA0001,Ventilator 001,Ventilator,"Respironics, Inc.",REMSTAR PLUS C-FLEX,"VENTILATOR, NON-CONTINUOUS (RE",ICU,0.95,LIFE_SUPPORT,High,CRITICAL_CARE,10.4.53.96,2026-07-11,0.473,0.284,0.437,0.397,0.564,HIGH,Malfunction,20260227,24466004
FDA0166,Pacemaker Programmer 166,Pacemaker Programmer,"St. Jude Medical, Inc.(Crm-Syl",QUICKFLEX MICRO LV L,Drug eluting permanent left ve,CARDIOLOGY,0.8,CRITICAL_CARE,High,CLINICAL,10.4.78.187,2026-07-21,0.783,0.2,0.605,0.516,0.563,HIGH,Injury,20260227,24466347
FDA0035,Infusion Pump 035,Infusion Pump,Medtronic Puerto Rico Operatio,PUMP MMT-1880L MM770,AUTOMATED INSULIN DOSING DEVIC,ICU,0.95,CRITICAL_CARE,High,CRITICAL_CARE,10.4.156.249,2026-03-19,0.592,0.24,0.496,0.437,0.562,HIGH,Malfunction,20260227,24466157
RCL0323,Recalled Device 323,"Plum A+ v.10.3, list #s 11971-",Hospira Inc,"Plum A+ v.10.3, list","Plum A+ v.10.3, list #s 11971-",GENERAL_WARD,0.6,DIAGNOSTIC,High,CLINICAL,10.3.252.43,2026-04-02,0.45,0.312,0.495,0.473,0.561,HIGH,RECALL,,
RCL0308,Recalled Device 308,"AC Power Cords, shipped betwee",Hospira Inc,"AC Power Cords, ship","AC Power Cords, shipped betwee",GENERAL_WARD,0.6,DIAGNOSTIC,High,CLINICAL,10.3.45.16,2026-04-02,0.45,0.306,0.495,0.473,0.559,HIGH,RECALL,,
FDA0203,Dialysis Machine 203,Dialysis Machine,"C.R. Bard, Inc. (Basd) -300626",GLIDEPATH,DIALYSIS CATHETER,ICU,0.95,LIFE_SUPPORT,High,CRITICAL_CARE,10.2.216.115,2026-08-27,0.598,0.14,0.456,0.387,0.558,HIGH,Malfunction,20260227,24468017
FDA0080,Defibrillator 080,Defibrillator,Philips Medical Systems,HEARTSTART XL+ DEFIB,DEFIBRILLATOR,ICU,0.95,LIFE_SUPPORT,High,CRITICAL_CARE,10.1.199.179,2026-04-16,0.56,0.178,0.448,0.387,0.556,HIGH,Malfunction,20260227,24468809
FDA0079,Defibrillator 079,Defibrillator,Zoll Medical Corporation,AED PLUS,DEFIBRILLATOR,ICU,0.95,LIFE_SUPPORT,High,CRITICAL_CARE,10.1.99.87,2026-02-05,0.634,0.088,0.457,0.379,0.549,ELEVATED,Malfunction,20260227,24468733
FDA0215,Dialysis Machine 215,Dialysis Machine,Vantive Us Healthcare Llc,NI,"SET, ADMINISTRATION, FOR PERIT",ICU,0.95,LIFE_SUPPORT,High,CRITICAL_CARE,10.3.162.68,2026-02-04,0.582,0.143,0.447,0.381,0.549,ELEVATED,Injury,20260225,24443971
FDA0133,Syringe Pump 133,Syringe Pump,Medtronic Puerto Rico Operatio,PUMP MMT-1884L MM780,AUTOMATED INSULIN DOSING DEVIC,ICU,0.95,CRITICAL_CARE,High,CRITICAL_CARE,10.4.55.89,2026-09-19,0.527,0.289,0.475,0.428,0.548,ELEVATED,Malfunction,20260227,24466128
FDA0122,Syringe Pump 122,Syringe Pump,Medtronic Puerto Rico Operatio,MINIMED 740G OUS SYS,"PUMP, INFUSION, INSULIN, TO BE",ICU,0.95,CRITICAL_CARE,High,CRITICAL_CARE,10.2.222.42,2026-03-18,0.559,0.252,0.48,0.426,0.547,ELEVATED,Malfunction,20260227,24466014
FDA0171,Pacemaker Programmer 171,Pacemaker Programmer,Medtronic Puerto Rico Villalba,CAPSURE SENSE LEAD M,PERMANENT PACEMAKER ELECTRODE,CARDIOLOGY,0.8,CRITICAL_CARE,High,CLINICAL,10.2.31.152,2026-01-08,0.747,0.21,0.585,0.502,0.547,ELEVATED,Injury,20260227,24466538
FDA0168,Pacemaker Programmer 168,Pacemaker Programmer,Medtronic Puerto Rico Villalba,CAPSUREFIX NOVUS LEA,PERMANENT PACEMAKER ELECTRODE,CARDIOLOGY,0.8,CRITICAL_CARE,High,CLINICAL,10.1.249.249,2026-09-16,0.769,0.178,0.586,0.497,0.543,ELEVATED,Injury,20260227,24466410
FDA0173,Pacemaker Programmer 173,Pacemaker Programmer,Medtronic Puerto Rico Villalba,CAPSUREFIX NOVUS LEA,PERMANENT PACEMAKER ELECTRODE,CARDIOLOGY,0.8,CRITICAL_CARE,High,CLINICAL,10.3.32.200,2026-02-05,0.665,0.289,0.566,0.501,0.542,ELEVATED,Injury,20260227,24466577
FDA0139,Syringe Pump 139,Syringe Pump,Carefusion Sd,ALARIS SYSTEM,"PUMP, INFUSION",ICU,0.95,CRITICAL_CARE,High,CRITICAL_CARE,10.4.123.218,2026-10-13,0.626,0.169,0.488,0.417,0.541,ELEVATED,Malfunction,20260227,24466192
FDA0169,Pacemaker Programmer 169,Pacemaker Programmer,Medtronic Puerto Rico Villalba,CAPSUREFIX NOVUS LEA,PERMANENT PACEMAKER ELECTRODE,CARDIOLOGY,0.8,CRITICAL_CARE,High,CLINICAL,10.2.207.138,2026-02-05,0.66,0.289,0.563,0.498,0.539,ELEVATED,Injury,20260227,24466414
FDA0032,Infusion Pump 032,Infusion Pump,Insulet Corporation,OMNIPOD 5 AUTOMATED ,AUTOMATED INSULIN DELIVERY SYS,ICU,0.95,CRITICAL_CARE,High,CRITICAL_CARE,10.2.244.232,2026-10-01,0.629,0.164,0.487,0.416,0.539,ELEVATED,Malfunction,20260227,24466092
FDA0206,Dialysis Machine 206,Dialysis Machine,Vantive Us Healthcare Llc,NI,"SET, ADMINISTRATION, FOR PERIT",ICU,0.95,LIFE_SUPPORT,High,CRITICAL_CARE,10.1.42.182,2026-05-18,0.651,0.054,0.453,0.37,0.538,ELEVATED,Injury,20260227,24474711
FDA0030,Infusion Pump 030,Infusion Pump,Medtronic Puerto Rico Operatio,MINIMED 740G OUS SYS,"PUMP, INFUSION, INSULIN, TO BE",ICU,0.95,CRITICAL_CARE,High,CRITICAL_CARE,10.1.167.243,2026-05-05,0.569,0.209,0.468,0.408,0.526,ELEVATED,Malfunction,20260227,24466052
FDA0211,Dialysis Machine 211,Dialysis Machine,Vantive Us Healthcare Llc,MINICAP TRANSFER SET,"SET, ADMINISTRATION, FOR PERIT",ICU,0.95,LIFE_SUPPORT,High,CRITICAL_CARE,10.1.130.166,2026-02-27,0.412,0.295,0.402,0.371,0.525,ELEVATED,Malfunction,20260226,24461539
FDA0086,CT Scanner 086,CT Scanner,Bayer Medical Care Inc.,STELLANT DUAL CT INJ,CT INJECTION SYSTEM,RADIOLOGY,0.7,DIAGNOSTIC,Medium,CLINICAL,10.1.89.70,2026-03-23,0.733,0.883,0.872,0.848,0.525,ELEVATED,Injury,20260219,24388904
FDA0212,Dialysis Machine 212,Dialysis Machine,"C.R. Bard, Inc. (Basd) -300626",GLIDEPATH,DIALYSIS CATHETER,ICU,0.95,LIFE_SUPPORT,High,CRITICAL_CARE,10.3.12.166,2026-06-03,0.483,0.217,0.414,0.367,0.524,ELEVATED,Malfunction,20260225,24439744
FDA0024,Infusion Pump 024,Infusion Pump,Insulet Corporation,OMNIPOD DASH  INSULI,"PUMP, INFUSION, INSULIN",ICU,0.95,CRITICAL_CARE,High,CRITICAL_CARE,10.1.191.69,2026-05-01,0.506,0.266,0.451,0.405,0.519,ELEVATED,Malfunction,20260227,24466035
FDA0216,Dialysis Machine 216,Dialysis Machine,Vantive Us Healthcare Llc,NI,"SET, ADMINISTRATION, FOR PERIT",ICU,0.95,LIFE_SUPPORT,High,CRITICAL_CARE,10.3.237.7,2026-07-27,0.581,0.101,0.428,0.358,0.518,ELEVATED,Injury,20260225,24444580
FDA0175,Pacemaker Programmer 175,Pacemaker Programmer,Medtronic Puerto Rico Villalba,CAPSUREFIX NOVUS LEA,PERMANENT PACEMAKER ELECTRODE,CARDIOLOGY,0.8,CRITICAL_CARE,High,CLINICAL,10.1.3.184,2026-02-12,0.72,0.167,0.549,0.466,0.509,ELEVATED,Injury,20260227,24466585
FDA0176,Pacemaker Programmer 176,Pacemaker Programmer,"St. Jude Medical, Inc.(Crm-Syl",ASSURITY MRI,"Implantable pulse generator, p",ICU,0.95,CRITICAL_CARE,High,CRITICAL_CARE,10.4.136.206,2026-03-19,0.469,0.286,0.435,0.396,0.506,ELEVATED,Malfunction,20260227,24466586
FDA0026,Infusion Pump 026,Infusion Pump,Medtronic Puerto Rico Operatio,PARADIGM REAL-TIME I,"PUMP, INFUSION, INSULIN, TO BE",ICU,0.95,CRITICAL_CARE,High,CRITICAL_CARE,10.4.32.231,2026-05-18,0.606,0.134,0.459,0.389,0.505,ELEVATED,Malfunction,20260227,24466045
FDA0023,Infusion Pump 023,Infusion Pump,Medtronic Puerto Rico Operatio,PUMP 1886 780G OUS B,AUTOMATED INSULIN DOSING DEVIC,ICU,0.95,CRITICAL_CARE,High,CRITICAL_CARE,10.2.16.181,2026-03-06,0.573,0.17,0.453,0.39,0.504,ELEVATED,Malfunction,20260227,24466033
FDA0194,ECG Machine 194,ECG Machine,"Datex-Ohmeda, Inc.",NOVII PATCH,"ELECTRODE, ELECTROCARDIOGRAPH",CARDIOLOGY,0.8,DIAGNOSTIC,Medium,CLINICAL,10.3.250.99,2026-03-06,0.612,0.739,0.729,0.709,0.501,ELEVATED,Malfunction,20260122,24145280
FDA0163,Pacemaker Programmer 163,Pacemaker Programmer,Medtronic Puerto Rico Villalba,CAPSUREFIX NOVUS LEA,PERMANENT PACEMAKER ELECTRODE,CARDIOLOGY,0.8,CRITICAL_CARE,High,CLINICAL,10.2.179.69,2026-11-13,0.648,0.229,0.528,0.46,0.5,ELEVATED,Injury,20260227,24466196
FDA0006,Ventilator 006,Ventilator,"Respironics, Inc.",REMSTAR PLUS C-FLEX,"VENTILATOR, NON-CONTINUOUS (RE",ICU,0.95,LIFE_SUPPORT,High,CRITICAL_CARE,10.4.78.94,2026-05-19,0.421,0.244,0.385,0.349,0.496,ELEVATED,Malfunction,20260227,24466080
FDA0123,Syringe Pump 123,Syringe Pump,Medtronic Puerto Rico Operatio,PUMP 1886 780G OUS B,AUTOMATED INSULIN DOSING DEVIC,ICU,0.95,CRITICAL_CARE,High,CRITICAL_CARE,10.1.245.118,2026-06-11,0.51,0.225,0.436,0.386,0.496,ELEVATED,Malfunction,20260227,24466033
FDA0158,Anesthesia Machine 158,Anesthesia Machine,Ge Medical Systems (China) Co.,CARESTATION 650,ANESTHESIA GAS MACHINE,OPERATING_THEATRE,0.9,SURGICAL,High,CRITICAL_CARE,10.2.43.54,2026-07-07,0.616,0.256,0.519,0.458,0.496,ELEVATED,Malfunction,20260227,24467500
FDA0063,Defibrillator 063,Defibrillator,Philips North America Llc,HEARTSTART XL+ DEFIB,DEFIBRILLATOR,ICU,0.95,LIFE_SUPPORT,High,CRITICAL_CARE,10.2.161.114,2026-03-25,0.538,0.109,0.403,0.34,0.491,ELEVATED,Malfunction,20260227,24466855
FDA0178,Pacemaker Programmer 178,Pacemaker Programmer,"Medtronic, Inc.",CARELINK SMARTSYNC C,PACEMAKER/ICD/CRT NON-IMPLANTE,ICU,0.95,CRITICAL_CARE,High,CRITICAL_CARE,10.4.96.70,2026-01-15,0.528,0.19,0.432,0.377,0.486,ELEVATED,Malfunction,20260227,24466623
FDA0021,Infusion Pump 021,Infusion Pump,Beta Bionics Inc.,ILET BIONIC PANCREAS,ALTERNATE CONTROLLER ENABLED I,ICU,0.95,CRITICAL_CARE,High,CRITICAL_CARE,10.3.194.235,2026-08-04,0.474,0.248,0.422,0.379,0.486,ELEVATED,Malfunction,20260227,24466007
FDA0125,Syringe Pump 125,Syringe Pump,Medtronic Puerto Rico Operatio,PUMP 1886 780G OUS B,AUTOMATED INSULIN DOSING DEVIC,ICU,0.95,CRITICAL_CARE,High,CRITICAL_CARE,10.1.221.9,2026-04-24,0.559,0.151,0.435,0.373,0.483,ELEVATED,Malfunction,20260227,24466039
FDA0002,Ventilator 002,Ventilator,"Respironics, Inc.",BIPAP A-30,"VENTILATOR, CONTINUOUS, NON-LI",ICU,0.95,LIFE_SUPPORT,High,CRITICAL_CARE,10.2.172.20,2026-02-10,0.535,0.1,0.397,0.333,0.482,ELEVATED,Malfunction,20260227,24466053
FDA0008,Ventilator 008,Ventilator,"Respironics, Inc.",REMSTAR PLUS C-FLEX,"VENTILATOR, NON-CONTINUOUS (RE",ICU,0.95,LIFE_SUPPORT,High,CRITICAL_CARE,10.3.9.68,2026-02-17,0.559,0.074,0.402,0.332,0.482,ELEVATED,Malfunction,20260227,24466082
FDA0088,CT Scanner 088,CT Scanner,C.R. Bard Inc. (Covington) -10,BARDEX® I.C. FOLEY C,FOLEY CATHETER,RADIOLOGY,0.7,DIAGNOSTIC,Medium,CLINICAL,10.2.11.94,2026-09-02,0.679,0.793,0.797,0.773,0.478,ELEVATED,Injury,20260219,24393286
FDA0017,Ventilator 017,Ventilator,"Respironics, Inc.","REMSTAR PLUS C-FLEX,","VENTILATOR, NON-CONTINUOUS (RE",ICU,0.95,LIFE_SUPPORT,High,CRITICAL_CARE,10.1.134.102,2026-01-04,0.391,0.249,0.368,0.336,0.477,ELEVATED,Malfunction,20260227,24466133
FDA0109,MRI Scanner 109,MRI Scanner,Philips Medical Systems Nederl,INGENIA,"FULL-BODY MRI SYSTEM, SUPERCON",RADIOLOGY,0.7,DIAGNOSTIC,Medium,CLINICAL,10.1.209.179,2026-10-21,0.612,0.856,0.781,0.771,0.475,ELEVATED,Malfunction,20260217,24366885
FDA0167,Pacemaker Programmer 167,Pacemaker Programmer,Boston Scientific Corporation,PROPONENT MRI EL DR,PACEMAKER,CARDIOLOGY,0.8,CRITICAL_CARE,High,CLINICAL,10.4.91.9,2026-10-06,0.582,0.255,0.496,0.439,0.475,ELEVATED,Injury,20260227,24466356
FDA0082,CT Scanner 082,CT Scanner,Bayer Medical Care Inc.,STELLANT DUAL CT INJ,"CT INJECTION SYSTEM,",RADIOLOGY,0.7,DIAGNOSTIC,Medium,CLINICAL,10.1.47.75,2026-06-24,0.717,0.715,0.788,0.752,0.467,ELEVATED,Injury,20260226,24457574
FDA0029,Infusion Pump 029,Infusion Pump,Beta Bionics Inc.,ILET BIONIC PANCREAS,ALTERNATE CONTROLLER ENABLED I,ICU,0.95,CRITICAL_CARE,High,CRITICAL_CARE,10.1.42.97,2026-02-07,0.53,0.157,0.419,0.361,0.467,ELEVATED,Malfunction,20260227,24466050
FDA0031,Infusion Pump 031,Infusion Pump,Insulet Corporation,OMNIPOD 5 AUTOMATED ,AUTOMATED INSULIN DELIVERY SYS,ICU,0.95,CRITICAL_CARE,High,CRITICAL_CARE,10.4.42.159,2026-09-01,0.479,0.206,0.407,0.36,0.463,ELEVATED,Malfunction,20260227,24466059
FDA0045,Patient Monitor 045,Patient Monitor,Mis Implants Technologies Ltd.,SEVEN XD INT. HEX. I,"IMPLANT, ENDOSSEOUS, ROOT-FORM",ICU,0.95,MONITORING,High,CRITICAL_CARE,10.1.122.9,2026-04-16,0.786,0.781,0.862,0.823,0.462,ELEVATED,Injury,20260227,24466015
FDA0075,Defibrillator 075,Defibrillator,Zoll Manufacturing Corporation,LIFEVEST WCD 4000 SY,WEARABLE CARDIOVERTER DEFIBRIL,ICU,0.95,LIFE_SUPPORT,High,CRITICAL_CARE,10.1.67.35,2026-09-13,0.373,0.238,0.351,0.321,0.455,ELEVATED,Malfunction,20260227,24468686
FDA0039,Infusion Pump 039,Infusion Pump,Carefusion Sd,ALARIS SYSTEM,"PUMP, INFUSION",ICU,0.95,CRITICAL_CARE,High,CRITICAL_CARE,10.1.14.192,2026-03-25,0.439,0.236,0.394,0.354,0.454,ELEVATED,Malfunction,20260227,24466192
FDA0201,Dialysis Machine 201,Dialysis Machine,"C.R. Bard, Inc. (Basd) -300626",RELIANCE XK LONG-TER,DIALYSIS CATHETER,ICU,0.95,LIFE_SUPPORT,High,CRITICAL_CARE,10.2.236.156,2026-10-02,0.53,0.065,0.378,0.312,0.453,ELEVATED,Malfunction,20260227,24466171
FDA0007,Ventilator 007,Ventilator,"Respironics, Inc.",REMSTAR PRO C-FLEX+,"VENTILATOR, NON-CONTINUOUS (RE",ICU,0.95,LIFE_SUPPORT,High,CRITICAL_CARE,10.4.167.218,2026-06-17,0.51,0.082,0.373,0.311,0.45,ELEVATED,Malfunction,20260227,24466081
FDA0213,Dialysis Machine 213,Dialysis Machine,"C.R. Bard, Inc. (Basd) -300626",GLIDEPATH,DIALYSIS CATHETER,ICU,0.95,LIFE_SUPPORT,High,CRITICAL_CARE,10.2.5.117,2026-01-20,0.431,0.166,0.358,0.313,0.449,ELEVATED,Malfunction,20260225,24440372
FDA0153,Anesthesia Machine 153,Anesthesia Machine,"Datex-Ohmeda, Inc.",AVANCE,ANESTHESIA GAS MACHINE,OPERATING_THEATRE,0.9,SURGICAL,High,CRITICAL_CARE,10.4.104.29,2026-03-06,0.522,0.271,0.464,0.416,0.449,ELEVATED,Malfunction,20260227,24466842
FDA0195,ECG Machine 195,ECG Machine,"Huzhou Junda Industry Co., Ltd",BLAYCO 2500-5,"ELECTRODE, ELECTROCARDIOGRAPH",CARDIOLOGY,0.8,DIAGNOSTIC,Medium,CLINICAL,10.4.65.104,2026-07-27,0.387,0.837,0.624,0.643,0.449,ELEVATED,Malfunction,20260107,23989790
FDA0091,CT Scanner 091,CT Scanner,Carl Zeiss Meditec Production ,CT LUCIA,CT LUCIA 602,RADIOLOGY,0.7,DIAGNOSTIC,Medium,CLINICAL,10.2.188.141,2026-09-01,0.617,0.764,0.743,0.725,0.448,ELEVATED,Injury,20260217,24369026
FDA0132,Syringe Pump 132,Syringe Pump,Insulet Corporation,OMNIPOD 5 AUTOMATED ,AUTOMATED INSULIN DELIVERY SYS,ICU,0.95,CRITICAL_CARE,High,CRITICAL_CARE,10.4.103.122,2026-11-27,0.578,0.072,0.413,0.341,0.446,ELEVATED,Malfunction,20260227,24466092
FDA0165,Pacemaker Programmer 165,Pacemaker Programmer,"St. Jude Medical, Inc.(Crm-Syl",ENDURITY MRI PACEMAK,"Implantable pulse generator, p",CARDIOLOGY,0.8,CRITICAL_CARE,High,CLINICAL,10.1.167.250,2026-01-27,0.669,0.101,0.486,0.404,0.444,ELEVATED,Injury,20260227,24466330
FDA0161,Pacemaker Programmer 161,Pacemaker Programmer,Boston Scientific Corporation,ESSENTIO MRI EL DR,PACEMAKER,CARDIOLOGY,0.8,CRITICAL_CARE,High,CLINICAL,10.3.77.147,2026-11-09,0.593,0.184,0.472,0.408,0.444,ELEVATED,Injury,20260227,24466124
FDA0094,CT Scanner 094,CT Scanner,Brainlab Se,SPINE & TRAUMA NAVIG,IMAGE GUIDED SURGERY SYSTEM/IN,RADIOLOGY,0.7,DIAGNOSTIC,Medium,CLINICAL,10.4.60.51,2026-01-09,0.619,0.746,0.737,0.717,0.443,ELEVATED,Injury,20260212,24321597
FDA0205,Dialysis Machine 205,Dialysis Machine,Vantive Us Healthcare Llc,MINICAP,"SET, ADMINISTRATION, FOR PERIT",ICU,0.95,LIFE_SUPPORT,High,CRITICAL_CARE,10.3.200.152,2026-10-09,0.433,0.152,0.353,0.307,0.44,ELEVATED,Malfunction,20260227,24472053
FDA0110,MRI Scanner 110,MRI Scanner,Philips Medical Systems Nederl,ACHIEVA 1.5T NOVA,"FULL-BODY MRI SYSTEM, SUPERCON",RADIOLOGY,0.7,DIAGNOSTIC,Medium,CLINICAL,10.3.19.20,2026-05-22,0.617,0.736,0.731,0.71,0.439,ELEVATED,Malfunction,20260216,24345045
FDA0069,Defibrillator 069,Defibrillator,Zoll Manufacturing Corporation,LIFEVEST WCD 4000 SY,WEARABLE CARDIOVERTER DEFIBRIL,ICU,0.95,LIFE_SUPPORT,High,CRITICAL_CARE,10.1.243.117,2026-01-25,0.37,0.219,0.341,0.309,0.439,ELEVATED,Malfunction,20260227,24468331
FDA0087,CT Scanner 087,CT Scanner,Carl Zeiss Meditec Production ,CT LUCIA,CT LUCIA 621P,RADIOLOGY,0.7,DIAGNOSTIC,Medium,CLINICAL,10.2.192.211,2026-06-10,0.644,0.701,0.733,0.706,0.438,ELEVATED,Injury,20260219,24393029
FDA0077,Defibrillator 077,Defibrillator,Zoll Manufacturing Corporation,LIFEVEST WCD 4000 SY,WEARABLE CARDIOVERTER DEFIBRIL,ICU,0.95,LIFE_SUPPORT,High,CRITICAL_CARE,10.4.119.68,2026-07-17,0.501,0.075,0.364,0.302,0.438,ELEVATED,Malfunction,20260227,24468727
FDA0014,Ventilator 014,Ventilator,"Respironics, Inc.",REMSTAR PRO C-FLEX+,"VENTILATOR, NON-CONTINUOUS (RE",ICU,0.95,LIFE_SUPPORT,High,CRITICAL_CARE,10.2.149.54,2026-08-24,0.332,0.257,0.332,0.309,0.437,ELEVATED,Malfunction,20260227,24466111
FDA0174,Pacemaker Programmer 174,Pacemaker Programmer,Medtronic Puerto Rico Villalba,CAPSUREFIX NOVUS LEA,PERMANENT PACEMAKER ELECTRODE,CARDIOLOGY,0.8,CRITICAL_CARE,High,CLINICAL,10.3.57.43,2026-10-03,0.583,0.178,0.463,0.4,0.435,ELEVATED,Injury,20260227,24466579
FDA0179,Pacemaker Programmer 179,Pacemaker Programmer,"Medtronic, Inc.",CARELINK SMARTSYNC C,PACEMAKER/ICD/CRT NON-IMPLANTE,ICU,0.95,CRITICAL_CARE,High,CRITICAL_CARE,10.4.251.37,2026-10-23,0.57,0.064,0.404,0.333,0.435,ELEVATED,Malfunction,20260227,24466624
FDA0054,Patient Monitor 054,Patient Monitor,Mis Implants Technologies Ltd.,LANCE INTERNAL HEX. ,"IMPLANT, ENDOSSEOUS, ROOT-FORM",ICU,0.95,MONITORING,High,CRITICAL_CARE,10.4.241.158,2026-09-18,0.77,0.697,0.815,0.77,0.434,ELEVATED,Injury,20260227,24466063
FDA0162,Pacemaker Programmer 162,Pacemaker Programmer,"St. Jude Medical, Inc.(Crm-Syl",ASSURITY MRI,"Implantable pulse generator, p",CARDIOLOGY,0.8,CRITICAL_CARE,High,CLINICAL,10.3.15.217,2026-01-25,0.683,0.063,0.479,0.392,0.432,ELEVATED,Injury,20260227,24466167
FDA0027,Infusion Pump 027,Infusion Pump,Medtronic Puerto Rico Operatio,PUMP MMT-1884L MM780,AUTOMATED INSULIN DOSING DEVIC,ICU,0.95,CRITICAL_CARE,High,CRITICAL_CARE,10.1.51.34,2026-07-16,0.429,0.206,0.374,0.333,0.428,ELEVATED,Malfunction,20260227,24466046
FDA0204,Dialysis Machine 204,Dialysis Machine,Vantive Us Healthcare Llc,LOCKING TITANIUM ADA,"SET, ADMINISTRATION, FOR PERIT",ICU,0.95,LIFE_SUPPORT,High,CRITICAL_CARE,10.4.188.181,2026-01-02,0.417,0.151,0.342,0.298,0.427,ELEVATED,Malfunction,20260227,24471573
FDA0044,Patient Monitor 044,Patient Monitor,Mis Implants Technologies Ltd.,SEVEN XD INT. HEX. I,"IMPLANT, ENDOSSEOUS, ROOT-FORM",ICU,0.95,MONITORING,High,CRITICAL_CARE,10.1.226.244,2026-07-03,0.699,0.739,0.786,0.755,0.424,ELEVATED,Injury,20260227,24466008
FDA0028,Infusion Pump 028,Infusion Pump,Insulet Corporation,OMNIPOD 5 AUTOMATED ,AUTOMATED INSULIN DELIVERY SYS,ICU,0.95,CRITICAL_CARE,High,CRITICAL_CARE,10.3.114.27,2026-08-22,0.412,0.217,0.367,0.33,0.423,ELEVATED,Malfunction,20260227,24466049
FDA0067,Defibrillator 067,Defibrillator,Zoll Manufacturing Corporation,LIFEVEST WCD 4000 SY,WEARABLE CARDIOVERTER DEFIBRIL,ICU,0.95,LIFE_SUPPORT,High,CRITICAL_CARE,10.1.77.188,2026-10-06,0.492,0.063,0.352,0.291,0.422,ELEVATED,Malfunction,20260227,24468300
FDA0095,CT Scanner 095,CT Scanner,"Carefusion 303, Inc.",BD PYXIS¿ ANESTHESIA,AUTOMATED DISPENSING CABINET,RADIOLOGY,0.7,DIAGNOSTIC,Medium,CLINICAL,10.1.162.139,2026-11-08,0.495,0.802,0.68,0.681,0.419,ELEVATED,Malfunction,20260212,24321939
FDA0202,Dialysis Machine 202,Dialysis Machine,"C.R. Bard, Inc. (Basd) -300626",GLIDEPATH,DIALYSIS CATHETER,ICU,0.95,LIFE_SUPPORT,High,CRITICAL_CARE,10.3.76.171,2026-01-24,0.427,0.124,0.336,0.289,0.416,ELEVATED,Malfunction,20260227,24467122
FDA0005,Ventilator 005,Ventilator,"Respironics, Inc.",REMSTAR PRO C-FLEX+,"VENTILATOR, NON-CONTINUOUS (RE",ICU,0.95,LIFE_SUPPORT,High,CRITICAL_CARE,10.1.243.37,2026-08-15,0.431,0.12,0.337,0.289,0.416,ELEVATED,Malfunction,20260227,24466077
FDA0128,Syringe Pump 128,Syringe Pump,Insulet Corporation,OMNIPOD 5 AUTOMATED ,AUTOMATED INSULIN DELIVERY SYS,ICU,0.95,CRITICAL_CARE,High,CRITICAL_CARE,10.4.210.73,2026-02-16,0.415,0.198,0.361,0.322,0.413,ELEVATED,Malfunction,20260227,24466049
FDA0074,Defibrillator 074,Defibrillator,Zoll Manufacturing Corporation,LIFEVEST WCD 4000 SY,WEARABLE CARDIOVERTER DEFIBRIL,ICU,0.95,LIFE_SUPPORT,High,CRITICAL_CARE,10.1.233.127,2026-01-10,0.366,0.185,0.323,0.289,0.412,ELEVATED,Malfunction,20260227,24468605
FDA0172,Pacemaker Programmer 172,Pacemaker Programmer,"St. Jude Medical, Inc.(Crm-Syl",ACCENT DR,"Implantable pulse generator, p",ICU,0.95,CRITICAL_CARE,High,CRITICAL_CARE,10.3.108.177,2026-09-27,0.501,0.103,0.376,0.317,0.412,ELEVATED,Malfunction,20260227,24466542
FDA0119,MRI Scanner 119,MRI Scanner,Philips Medical Systems Nederl,INGENIA,"FULL-BODY MRI SYSTEM, SUPERCON",RADIOLOGY,0.7,DIAGNOSTIC,Medium,CLINICAL,10.4.88.14,2026-06-09,0.537,0.728,0.675,0.664,0.41,ELEVATED,Malfunction,20260206,24275509
FDA0037,Infusion Pump 037,Infusion Pump,Medtronic Puerto Rico Operatio,PUMP MMT-1884L MM780,AUTOMATED INSULIN DOSING DEVIC,ICU,0.95,CRITICAL_CARE,High,CRITICAL_CARE,10.2.126.77,2026-06-16,0.408,0.201,0.358,0.32,0.41,ELEVATED,Malfunction,20260227,24466168
FDA0141,Anesthesia Machine 141,Anesthesia Machine,Ge Medical Systems (China) Co.,CARESTATION 650,ANESTHESIA GAS MACHINE,OPERATING_THEATRE,0.9,SURGICAL,High,CRITICAL_CARE,10.3.37.93,2026-09-02,0.506,0.211,0.427,0.376,0.408,ELEVATED,Malfunction,20260227,24466062
FDA0111,MRI Scanner 111,MRI Scanner,Philips Medical Systems Nederl,SMARTPATH TO DSTREAM,"FULL-BODY MRI SYSTEM, SUPERCON",RADIOLOGY,0.7,DIAGNOSTIC,Medium,CLINICAL,10.2.10.229,2026-05-24,0.415,0.853,0.649,0.666,0.407,ELEVATED,Malfunction,20260216,24345047
FDA0150,Anesthesia Machine 150,Anesthesia Machine,Ge Medical Systems (China) Co.,CARESTATION 650,ANESTHESIA GAS MACHINE,OPERATING_THEATRE,0.9,SURGICAL,High,CRITICAL_CARE,10.4.155.243,2026-05-23,0.634,0.068,0.448,0.369,0.406,ELEVATED,Malfunction,20260227,24466724
FDA0137,Syringe Pump 137,Syringe Pump,Medtronic Puerto Rico Operatio,PUMP MMT-1884L MM780,AUTOMATED INSULIN DOSING DEVIC,ICU,0.95,CRITICAL_CARE,High,CRITICAL_CARE,10.4.53.67,2026-11-02,0.489,0.106,0.369,0.312,0.405,ELEVATED,Malfunction,20260227,24466168
FDA0009,Ventilator 009,Ventilator,"Respironics, Inc.",REMSTAR PRO C-FLEX+,"VENTILATOR, NON-CONTINUOUS (RE",ICU,0.95,LIFE_SUPPORT,High,CRITICAL_CARE,10.1.203.73,2026-01-07,0.437,0.094,0.33,0.279,0.402,ELEVATED,Malfunction,20260227,24466083
FDA0099,CT Scanner 099,CT Scanner,"Carefusion 303, Inc.",BD PYXIS¿ MEDSTATION,AUTOMATED DISPENSING CABINET,RADIOLOGY,0.7,DIAGNOSTIC,Medium,CLINICAL,10.1.246.128,2026-09-06,0.62,0.608,0.677,0.645,0.401,ELEVATED,Malfunction,20260212,24322948
FDA0177,Pacemaker Programmer 177,Pacemaker Programmer,Medtronic Puerto Rico Villalba,CAPSUREFIX NOVUS LEA,PERMANENT PACEMAKER ELECTRODE,CARDIOLOGY,0.8,CRITICAL_CARE,High,CLINICAL,10.3.62.80,2026-09-12,0.589,0.106,0.435,0.365,0.4,ELEVATED,Injury,20260227,24466590
FDA0113,MRI Scanner 113,MRI Scanner,Philips Medical Systems Nederl,INTERA 1.5T MASTER/N,"FULL-BODY MRI SYSTEM, SUPERCON",RADIOLOGY,0.7,DIAGNOSTIC,Medium,CLINICAL,10.1.64.72,2026-01-27,0.359,0.891,0.629,0.656,0.4,ELEVATED,Malfunction,20260213,24331627
FDA0155,Anesthesia Machine 155,Anesthesia Machine,Ge Medical Systems (China) Co.,CARESTATION 750,ANESTHESIA GAS MACHINE,OPERATING_THEATRE,0.9,SURGICAL,High,CRITICAL_CARE,10.4.25.210,2026-02-16,0.62,0.07,0.44,0.362,0.399,ELEVATED,Malfunction,20260227,24467019
FDA0118,MRI Scanner 118,MRI Scanner,Philips Medical Systems Nederl,ACHIEVA 3.0T TX,"FULL-BODY MRI SYSTEM, SUPERCON",RADIOLOGY,0.7,DIAGNOSTIC,Medium,CLINICAL,10.2.79.174,2026-05-13,0.482,0.746,0.646,0.645,0.397,ELEVATED,Malfunction,20260209,24289010
FDA0151,Anesthesia Machine 151,Anesthesia Machine,"Datex-Ohmeda, Inc.",AESTIVA,ANESTHESIA GAS MACHINE,OPERATING_THEATRE,0.9,SURGICAL,High,CRITICAL_CARE,10.3.160.203,2026-09-06,0.525,0.17,0.421,0.365,0.397,ELEVATED,Malfunction,20260227,24466735
FDA0092,CT Scanner 092,CT Scanner,Carl Zeiss Meditec Production ,CT LUCIA,CT LUCIA 602,RADIOLOGY,0.7,DIAGNOSTIC,Medium,CLINICAL,10.1.62.204,2026-11-17,0.551,0.669,0.658,0.641,0.396,ELEVATED,Injury,20260217,24369089
FDA0096,CT Scanner 096,CT Scanner,"Carefusion 303, Inc.",BD PYXIS¿ MEDSTATION,AUTOMATED DISPENSING CABINET,RADIOLOGY,0.7,DIAGNOSTIC,Medium,CLINICAL,10.4.81.174,2026-08-13,0.433,0.797,0.636,0.646,0.396,ELEVATED,Malfunction,20260212,24322037
FDA0093,CT Scanner 093,CT Scanner,Carl Zeiss Meditec Production ,CT LUCIA,CT LUCIA 602,RADIOLOGY,0.7,DIAGNOSTIC,Medium,CLINICAL,10.2.130.73,2026-11-14,0.681,0.525,0.68,0.633,0.395,ELEVATED,Injury,20260217,24369734
FDA0190,ECG Machine 190,ECG Machine,Mortara Instrument,CONTRACT EQ MM-HSCRI,"ELECTROCARDIOGRAPH, AMBULATORY",CARDIOLOGY,0.8,DIAGNOSTIC,Medium,CLINICAL,10.2.87.177,2026-10-14,0.429,0.638,0.564,0.56,0.394,ELEVATED,Malfunction,20260213,24338651
FDA0143,Anesthesia Machine 143,Anesthesia Machine,Ge Medical Systems (China) Co.,CARESTATION 750,ANESTHESIA GAS MACHINE,OPERATING_THEATRE,0.9,SURGICAL,High,CRITICAL_CARE,10.4.128.1,2026-04-11,0.504,0.186,0.414,0.362,0.393,ELEVATED,Malfunction,20260227,24466156
FDA0102,MRI Scanner 102,MRI Scanner,Philips Medical Systems Nederl,INGENIA,"FULL-BODY MRI SYSTEM, SUPERCON",RADIOLOGY,0.7,DIAGNOSTIC,Medium,CLINICAL,10.4.121.79,2026-09-17,0.357,0.867,0.617,0.643,0.392,ELEVATED,Malfunction,20260220,24398759
FDA0066,Defibrillator 066,Defibrillator,Zoll Manufacturing Corporation,LIFEVEST WCD 4000 SY,WEARABLE CARDIOVERTER DEFIBRIL,ICU,0.95,LIFE_SUPPORT,High,CRITICAL_CARE,10.2.51.52,2026-06-13,0.416,0.102,0.319,0.272,0.392,ELEVATED,Malfunction,20260227,24468292
FDA0187,ECG Machine 187,ECG Machine,Whoop Inc.,WHOOP BAND,ELECTROCARDIOGRAPH SOFTWARE FO,CARDIOLOGY,0.8,DIAGNOSTIC,Medium,CLINICAL,10.4.224.165,2026-04-22,0.772,0.251,0.62,0.537,0.389,ELEVATED,Injury,20260224,24431520
FDA0145,Anesthesia Machine 145,Anesthesia Machine,Ge Medical Systems (China) Co.,CARESTATION 750,ANESTHESIA GAS MACHINE,OPERATING_THEATRE,0.9,SURGICAL,High,CRITICAL_CARE,10.2.67.156,2026-08-01,0.62,0.052,0.432,0.353,0.389,ELEVATED,Malfunction,20260227,24466219
FDA0046,Patient Monitor 046,Patient Monitor,Mis Implants Technologies Ltd.,SEVEN XD INT. HEX. I,"IMPLANT, ENDOSSEOUS, ROOT-FORM",ICU,0.95,MONITORING,High,CRITICAL_CARE,10.1.88.233,2026-09-22,0.612,0.704,0.714,0.691,0.387,ELEVATED,Injury,20260227,24466019
FDA0160,Anesthesia Machine 160,Anesthesia Machine,Ge Medical Systems (China) Co.,CARESTATION 750,ANESTHESIA GAS MACHINE,OPERATING_THEATRE,0.9,SURGICAL,High,CRITICAL_CARE,10.3.42.212,2026-10-24,0.439,0.245,0.398,0.359,0.387,ELEVATED,Malfunction,20260227,24467632
FDA0188,ECG Machine 188,ECG Machine,"Physio-Control, Inc. - 3015876",EDGE SYSTEM RTS (RAD,"ELECTRODE, ELECTROCARDIOGRAPH",CARDIOLOGY,0.8,DIAGNOSTIC,Medium,CLINICAL,10.4.104.67,2026-04-25,0.355,0.692,0.539,0.55,0.385,ELEVATED,Malfunction,20260219,24387582
FDA0159,Anesthesia Machine 159,Anesthesia Machine,Ge Medical Systems (China) Co.,CARESTATION 750,ANESTHESIA GAS MACHINE,OPERATING_THEATRE,0.9,SURGICAL,High,CRITICAL_CARE,10.1.151.162,2026-06-02,0.556,0.112,0.416,0.351,0.384,ELEVATED,Malfunction,20260227,24467609
FDA0192,ECG Machine 192,ECG Machine,3M Company,3M¿ RED DOT¿ FOAM MO,"ELECTRODE, ELECTROCARDIOGRAPH",CARDIOLOGY,0.8,DIAGNOSTIC,Medium,CLINICAL,10.1.72.239,2026-04-01,0.726,0.284,0.604,0.53,0.383,ELEVATED,Injury,20260206,24277731
FDA0104,MRI Scanner 104,MRI Scanner,Philips Medical Systems Nederl,INGENIA,"FULL-BODY MRI SYSTEM, SUPERCON",RADIOLOGY,0.7,DIAGNOSTIC,Medium,CLINICAL,10.4.78.198,2026-07-06,0.528,0.64,0.63,0.613,0.379,ELEVATED,Malfunction,20260219,24386469
FDA0090,CT Scanner 090,CT Scanner,Sistemas Medicos Alaris S.A De,UNKNOWN MAXZERO,"SET, ADMINISTRATION, INTRAVASC",RADIOLOGY,0.7,DIAGNOSTIC,Medium,CLINICAL,10.3.69.198,2026-08-22,0.515,0.649,0.625,0.611,0.378,ELEVATED,Malfunction,20260217,24368839
FDA0207,Dialysis Machine 207,Dialysis Machine,"C.R. Bard, Inc. (Basd) -300626",HEMOSTAR,DIALYSIS CATHETER,ICU,0.95,LIFE_SUPPORT,High,CRITICAL_CARE,10.2.200.185,2026-06-06,0.312,0.196,0.292,0.267,0.378,ELEVATED,Malfunction,20260226,24452686
FDA0154,Anesthesia Machine 154,Anesthesia Machine,"Datex-Ohmeda, Inc.",AVANCE,ANESTHESIA GAS MACHINE,OPERATING_THEATRE,0.9,SURGICAL,High,CRITICAL_CARE,10.4.75.83,2026-11-24,0.532,0.124,0.406,0.344,0.376,ELEVATED,Malfunction,20260227,24466952
FDA0114,MRI Scanner 114,MRI Scanner,Philips Medical Systems Nederl,SMARTPATH TO DSTREAM,"FULL-BODY MRI SYSTEM, SUPERCON",RADIOLOGY,0.7,DIAGNOSTIC,Medium,CLINICAL,10.1.72.252,2026-09-13,0.346,0.826,0.592,0.615,0.375,ELEVATED,Malfunction,20260211,24311710
FDA0144,Anesthesia Machine 144,Anesthesia Machine,Ge Medical Systems (China) Co.,CARESTATION 650,ANESTHESIA GAS MACHINE,OPERATING_THEATRE,0.9,SURGICAL,High,CRITICAL_CARE,10.4.238.187,2026-07-27,0.398,0.267,0.38,0.349,0.375,ELEVATED,Malfunction,20260227,24466180
FDA0073,Defibrillator 073,Defibrillator,Zoll Manufacturing Corporation,LIFEVEST WCD 4000 SY,WEARABLE CARDIOVERTER DEFIBRIL,ICU,0.95,LIFE_SUPPORT,High,CRITICAL_CARE,10.4.44.217,2026-10-06,0.32,0.181,0.291,0.263,0.374,ELEVATED,Malfunction,20260227,24468597
FDA0235,Blood Gas Analyzer 235,Blood Gas Analyzer,Abbott Diabetes Care Inc,FREESTYLE NEO,BLOOD GLUCOSE MONITORING SYSTE,LABORATORY,0.6,DIAGNOSTIC,Medium,CLINICAL,10.3.222.166,2026-08-20,0.499,0.856,0.706,0.711,0.374,ELEVATED,Malfunction,20260227,24466292
FDA0053,Patient Monitor 053,Patient Monitor,Mis Implants Technologies Ltd.,LANCE INTERNAL HEX. ,"IMPLANT, ENDOSSEOUS, ROOT-FORM",ICU,0.95,MONITORING,High,CRITICAL_CARE,10.3.231.213,2026-08-05,0.646,0.613,0.696,0.661,0.372,ELEVATED,Injury,20260227,24466054
FDA0105,MRI Scanner 105,MRI Scanner,Philips Medical Systems Nederl,INGENIA,"FULL-BODY MRI SYSTEM, SUPERCON",RADIOLOGY,0.7,DIAGNOSTIC,Medium,CLINICAL,10.1.184.25,2026-06-10,0.362,0.796,0.589,0.608,0.372,ELEVATED,Malfunction,20260218,24374184
FDA0064,Defibrillator 064,Defibrillator,Medtronic Europe Sarl,COBALT¿ XT HF QUAD C,"DEFIBRILLATOR, AUTOMATIC IMPLA",ICU,0.95,LIFE_SUPPORT,High,CRITICAL_CARE,10.1.2.106,2026-11-19,0.371,0.121,0.298,0.258,0.37,ELEVATED,Malfunction,20260227,24468077
FDA0020,Ventilator 020,Ventilator,"Respironics, Inc.",REMSTAR PRO C-FLEX+,"VENTILATOR, NON-CONTINUOUS (RE",ICU,0.95,LIFE_SUPPORT,High,CRITICAL_CARE,10.1.87.99,2026-04-01,0.364,0.128,0.297,0.258,0.37,ELEVATED,Malfunction,20260227,24466137
FDA0146,Anesthesia Machine 146,Anesthesia Machine,Ge Medical Systems (China) Co.,CARESTATION 620,ANESTHESIA GAS MACHINE,OPERATING_THEATRE,0.9,SURGICAL,High,CRITICAL_CARE,10.2.23.76,2026-05-06,0.457,0.194,0.387,0.342,0.37,ELEVATED,Malfunction,20260227,24466223
FDA0097,CT Scanner 097,CT Scanner,"Carefusion 303, Inc.",BD PYXIS¿ MEDSTATION,AUTOMATED DISPENSING CABINET,RADIOLOGY,0.7,DIAGNOSTIC,Medium,CLINICAL,10.3.13.42,2026-07-14,0.383,0.767,0.59,0.604,0.37,ELEVATED,Malfunction,20260212,24322292
FDA0134,Syringe Pump 134,Syringe Pump,"Abiomed, Inc. - 1220648",IMPELLA 5.5 WITH SMA,TEMPORARY NON-ROLLER TYPE LEFT,GENERAL_WARD,0.6,CRITICAL_CARE,High,CLINICAL,10.3.252.230,2026-10-08,0.727,0.114,0.53,0.442,0.364,ELEVATED,Injury,20260227,24466139
FDA0131,Syringe Pump 131,Syringe Pump,Insulet Corporation,OMNIPOD 5 AUTOMATED ,AUTOMATED INSULIN DELIVERY SYS,ICU,0.95,CRITICAL_CARE,High,CRITICAL_CARE,10.3.161.133,2026-03-05,0.372,0.165,0.318,0.282,0.362,ELEVATED,Malfunction,20260227,24466059
FDA0019,Ventilator 019,Ventilator,"Respironics, Inc.",BIPAP PRO BIFLEX,"VENTILATOR, NON-CONTINUOUS (RE",ICU,0.95,LIFE_SUPPORT,High,CRITICAL_CARE,10.2.16.205,2026-08-25,0.348,0.133,0.288,0.253,0.362,ELEVATED,Malfunction,20260227,24466136
FDA0116,MRI Scanner 116,MRI Scanner,"Invivo, A Division Of Philips ",EXPRESSION MR400 MRI,EXPRESSION MR400 MRI PATIENT M,RADIOLOGY,0.7,DIAGNOSTIC,Medium,CLINICAL,10.2.230.64,2026-01-11,0.498,0.619,0.601,0.586,0.362,ELEVATED,Malfunction,20260210,24303020
FDA0170,Pacemaker Programmer 170,Pacemaker Programmer,Medtronic Puerto Rico Villalba,CAPSURE SENSE LEAD M,PERMANENT PACEMAKER ELECTRODE,CARDIOLOGY,0.8,CRITICAL_CARE,High,CLINICAL,10.1.48.127,2026-07-26,0.554,0.068,0.396,0.327,0.359,ELEVATED,Injury,20260227,24466537
FDA0100,CT Scanner 100,CT Scanner,"Carefusion 303, Inc.",BD PYXIS¿ MEDSTATION,AUTOMATED DISPENSING CABINET,RADIOLOGY,0.7,DIAGNOSTIC,Medium,CLINICAL,10.4.54.41,2026-07-06,0.456,0.644,0.584,0.578,0.356,ELEVATED,Malfunction,20260211,24312376
FDA0142,Anesthesia Machine 142,Anesthesia Machine,"Datex-Ohmeda, Inc.",CARESTATION 620,ANESTHESIA GAS MACHINE,OPERATING_THEATRE,0.9,SURGICAL,High,CRITICAL_CARE,10.1.211.59,2026-07-22,0.526,0.09,0.387,0.323,0.355,ELEVATED,Malfunction,20260227,24466143
FDA0117,MRI Scanner 117,MRI Scanner,"Invivo, A Division Of Philips ",EXPRESSION MR400 MRI,EXPRESSION MR400 MRI PATIENT M,RADIOLOGY,0.7,DIAGNOSTIC,Medium,CLINICAL,10.1.202.202,2026-06-19,0.482,0.61,0.587,0.573,0.354,ELEVATED,Malfunction,20260210,24303425
FDA0003,Ventilator 003,Ventilator,"Respironics, Inc.",BIPAP A30,"VENTILATOR, CONTINUOUS, NON-LI",ICU,0.95,LIFE_SUPPORT,High,CRITICAL_CARE,10.2.61.147,2026-07-25,0.317,0.156,0.278,0.248,0.354,ELEVATED,Malfunction,20260227,24466055
FDA0106,MRI Scanner 106,MRI Scanner,Philips Medical Systems Nederl,INTERA 1.5T PULSAR N,"FULL-BODY MRI SYSTEM, SUPERCON",RADIOLOGY,0.7,DIAGNOSTIC,Medium,CLINICAL,10.1.20.175,2026-04-18,0.384,0.712,0.567,0.575,0.353,ELEVATED,Malfunction,20260217,24366110
FDA0108,MRI Scanner 108,MRI Scanner,Philips Medical Systems Nederl,ACHIEVA 3.0T DSTREAM,"FULL-BODY MRI SYSTEM, SUPERCON",RADIOLOGY,0.7,DIAGNOSTIC,Medium,CLINICAL,10.2.159.222,2026-04-08,0.356,0.74,0.561,0.575,0.352,ELEVATED,Malfunction,20260217,24366866
FDA0010,Ventilator 010,Ventilator,"Respironics, Inc.",REMSTAR PRO C-FLEX+,"VENTILATOR, NON-CONTINUOUS (RE",ICU,0.95,LIFE_SUPPORT,High,CRITICAL_CARE,10.1.63.40,2026-04-15,0.394,0.068,0.29,0.243,0.351,ELEVATED,Malfunction,20260227,24466084
FDA0152,Anesthesia Machine 152,Anesthesia Machine,"Datex-Ohmeda, Inc.",AVANCE,ANESTHESIA GAS MACHINE,OPERATING_THEATRE,0.9,SURGICAL,High,CRITICAL_CARE,10.4.5.243,2026-11-14,0.394,0.225,0.359,0.325,0.35,ELEVATED,Malfunction,20260227,24466747
FDA0149,Anesthesia Machine 149,Anesthesia Machine,Ge Medical Systems (China) Co.,CARESTATION 620,ANESTHESIA GAS MACHINE,OPERATING_THEATRE,0.9,SURGICAL,High,CRITICAL_CARE,10.1.240.69,2026-08-13,0.469,0.142,0.372,0.321,0.349,ELEVATED,Malfunction,20260227,24466723
FDA0259,X-Ray System 259,X-Ray System,Philips Medical Systems Nederl,ALLURA XPER FD,"SYSTEM, X-RAY, ANGIOGRAPHIC",RADIOLOGY,0.7,DIAGNOSTIC,Medium,CLINICAL,10.2.239.128,2026-02-18,0.775,0.265,0.628,0.546,0.346,ELEVATED,Death,20260227,24472397
FDA0107,MRI Scanner 107,MRI Scanner,Philips Medical Systems Nederl,INTERA 1.5T PULSAR N,"FULL-BODY MRI SYSTEM, SUPERCON",RADIOLOGY,0.7,DIAGNOSTIC,Medium,CLINICAL,10.2.45.89,2026-04-12,0.365,0.703,0.55,0.561,0.344,ELEVATED,Malfunction,20260217,24366112
FDA0184,ECG Machine 184,ECG Machine,Solventum Canada Limited,3M RED DOT MONITORIN,"ELECTRODE, ELECTROCARDIOGRAPH",CARDIOLOGY,0.8,DIAGNOSTIC,Medium,CLINICAL,10.1.69.55,2026-01-14,0.633,0.272,0.537,0.475,0.343,ELEVATED,Malfunction,20260226,24457356
FDA0124,Syringe Pump 124,Syringe Pump,Insulet Corporation,OMNIPOD DASH  INSULI,"PUMP, INFUSION, INSULIN",ICU,0.95,CRITICAL_CARE,High,CRITICAL_CARE,10.3.156.135,2026-08-14,0.357,0.152,0.302,0.267,0.343,ELEVATED,Malfunction,20260227,24466035
FDA0084,CT Scanner 084,CT Scanner,Bracco Injeneering S.A.,CT EXPRES,CT CONTRAST MEDIUM INJECTION S,RADIOLOGY,0.7,DIAGNOSTIC,Medium,CLINICAL,10.2.11.142,2026-11-21,0.719,0.291,0.603,0.53,0.335,ELEVATED,Injury,20260224,24435284
FDA0022,Infusion Pump 022,Infusion Pump,Medtronic Puerto Rico Operatio,MINIMED 740G OUS SYS,"PUMP, INFUSION, INSULIN, TO BE",ICU,0.95,CRITICAL_CARE,High,CRITICAL_CARE,10.1.94.16,2026-02-10,0.373,0.113,0.296,0.255,0.33,ELEVATED,Malfunction,20260227,24466014
FDA0164,Pacemaker Programmer 164,Pacemaker Programmer,"Medtronic, Inc.",DUAL CHAMBER TEMPORA,"PULSE-GENERATOR, PACEMAKER, EX",ICU,0.95,CRITICAL_CARE,High,CRITICAL_CARE,10.4.82.97,2026-09-11,0.393,0.091,0.299,0.254,0.33,ELEVATED,Malfunction,20260227,24466263
FDA0098,CT Scanner 098,CT Scanner,"Carefusion 303, Inc.",BD PYXIS¿ MEDSTATION,AUTOMATED DISPENSING CABINET,RADIOLOGY,0.7,DIAGNOSTIC,Medium,CLINICAL,10.1.231.193,2026-02-20,0.323,0.699,0.521,0.537,0.328,ELEVATED,Malfunction,20260212,24322447
FDA0148,Anesthesia Machine 148,Anesthesia Machine,Ge Medical Systems (China) Co.,CARESTATION 650,ANESTHESIA GAS MACHINE,OPERATING_THEATRE,0.9,SURGICAL,High,CRITICAL_CARE,10.4.137.187,2026-02-04,0.47,0.097,0.353,0.298,0.326,ELEVATED,Malfunction,20260227,24466722
FDA0157,Anesthesia Machine 157,Anesthesia Machine,Ge Medical Systems (China) Co.,CARESTATION 750,ANESTHESIA GAS MACHINE,OPERATING_THEATRE,0.9,SURGICAL,High,CRITICAL_CARE,10.4.229.245,2026-03-10,0.312,0.27,0.325,0.306,0.326,ELEVATED,Malfunction,20260227,24467465
FDA0200,ECG Machine 200,ECG Machine,"Lohman Technologies, Llc",HOMECG+,"TRANSMITTERS AND RECEIVERS, EL",CARDIOLOGY,0.8,DIAGNOSTIC,Medium,CLINICAL,10.3.81.157,2026-10-25,0.607,0.251,0.511,0.45,0.325,ELEVATED,Malfunction,20251212,23791345
FDA0293,Fetal Monitor 293,Fetal Monitor,Mis Implants Technologies Ltd.,LANCE INTERNAL HEX. ,"IMPLANT, ENDOSSEOUS, ROOT-FORM",OBSTETRICS,0.7,MONITORING,Medium,CLINICAL,10.2.114.179,2026-03-04,0.779,0.712,0.827,0.783,0.325,ELEVATED,Injury,20260227,24466054
FDA0228,Blood Gas Analyzer 228,Blood Gas Analyzer,"Abiomed, Inc. - 1220648",IMPELLA 5.5 WITH SMA,TEMPORARY NON-ROLLER TYPE LEFT,LABORATORY,0.6,DIAGNOSTIC,Medium,CLINICAL,10.3.125.209,2026-01-20,0.562,0.601,0.635,0.611,0.325,ELEVATED,Injury,20260227,24466165
FDA0294,Fetal Monitor 294,Fetal Monitor,Mis Implants Technologies Ltd.,LANCE INTERNAL HEX. ,"IMPLANT, ENDOSSEOUS, ROOT-FORM",OBSTETRICS,0.7,MONITORING,Medium,CLINICAL,10.1.253.60,2026-08-06,0.631,0.846,0.789,0.775,0.319,ELEVATED,Injury,20260227,24466063
FDA0229,Blood Gas Analyzer 229,Blood Gas Analyzer,"Abiomed, Inc. - 1220648",RP FLEX W SMART ASSI,TEMPORARY NON-ROLLER TYPE RIGH,LABORATORY,0.6,DIAGNOSTIC,Medium,CLINICAL,10.2.12.246,2026-08-24,0.888,0.21,0.678,0.576,0.315,ELEVATED,Death,20260227,24466174
FDA0112,MRI Scanner 112,MRI Scanner,Philips Medical Systems Nederl,ACHIEVA 3.0T TX,"FULL-BODY MRI SYSTEM, SUPERCON",RADIOLOGY,0.7,DIAGNOSTIC,Medium,CLINICAL,10.1.28.45,2026-10-05,0.335,0.641,0.503,0.512,0.314,ELEVATED,Malfunction,20260213,24330856
FDA0127,Syringe Pump 127,Syringe Pump,Medtronic Puerto Rico Operatio,PUMP MMT-1884L MM780,AUTOMATED INSULIN DOSING DEVIC,ICU,0.95,CRITICAL_CARE,High,CRITICAL_CARE,10.4.91.193,2026-01-20,0.331,0.133,0.277,0.244,0.314,ELEVATED,Malfunction,20260227,24466046
FDA0071,Defibrillator 071,Defibrillator,Zoll Manufacturing Corporation,LIFEVEST WCD 4000 SY,WEARABLE CARDIOVERTER DEFIBRIL,ICU,0.95,LIFE_SUPPORT,High,CRITICAL_CARE,10.1.248.193,2026-09-25,0.318,0.097,0.253,0.218,0.313,ELEVATED,Malfunction,20260227,24468569
FDA0231,Blood Gas Analyzer 231,Blood Gas Analyzer,"Abiomed, Inc. - 1220648",PUMP 371 14F LT CMR ,TEMPORARY NON-ROLLER TYPE LEFT,LABORATORY,0.6,DIAGNOSTIC,Medium,CLINICAL,10.4.166.9,2026-01-19,0.83,0.257,0.661,0.571,0.311,ELEVATED,Death,20260227,24466208
FDA0015,Ventilator 015,Ventilator,"Respironics, Inc.",REMSTAR PRO C-FLEX+,"VENTILATOR, NON-CONTINUOUS (RE",ICU,0.95,LIFE_SUPPORT,High,CRITICAL_CARE,10.1.118.52,2026-08-16,0.34,0.067,0.254,0.214,0.309,ELEVATED,Malfunction,20260227,24466112
FDA0277,Ultrasound 277,Ultrasound,Philips Image Guided Therapy C,VISIONS PV .035 DIGI,"CATHETER, ULTRASOUND, INTRAVAS",RADIOLOGY,0.7,DIAGNOSTIC,Medium,CLINICAL,10.1.156.228,2026-11-05,0.332,0.627,0.495,0.503,0.308,ELEVATED,Malfunction,20260226,24454390
FDA0130,Syringe Pump 130,Syringe Pump,Medtronic Puerto Rico Operatio,MINIMED 740G OUS SYS,"PUMP, INFUSION, INSULIN, TO BE",ICU,0.95,CRITICAL_CARE,High,CRITICAL_CARE,10.3.39.226,2026-07-03,0.32,0.135,0.271,0.239,0.307,ELEVATED,Malfunction,20260227,24466052
FDA0193,ECG Machine 193,ECG Machine,3M Canada Co.,3M RED DOT,"ELECTRODE, ELECTROCARDIOGRAPH",CARDIOLOGY,0.8,DIAGNOSTIC,Medium,CLINICAL,10.2.105.253,2026-10-09,0.569,0.242,0.482,0.426,0.307,ELEVATED,Injury,20260126,24176978
FDA0103,MRI Scanner 103,MRI Scanner,Philips Medical Systems Nederl,ACHIEVA 3.0T TX,"FULL-BODY MRI SYSTEM, SUPERCON",RADIOLOGY,0.7,DIAGNOSTIC,Medium,CLINICAL,10.2.12.102,2026-11-27,0.68,0.233,0.551,0.479,0.304,ELEVATED,Injury,20260220,24401452
FDA0147,Anesthesia Machine 147,Anesthesia Machine,"Datex-Ohmeda, Inc.",AISYS,ANESTHESIA GAS MACHINE,OPERATING_THEATRE,0.9,SURGICAL,High,CRITICAL_CARE,10.4.239.214,2026-01-18,0.406,0.126,0.323,0.279,0.304,ELEVATED,Malfunction,20260227,24466717
FDA0156,Anesthesia Machine 156,Anesthesia Machine,"Datex-Ohmeda, Inc.",AVANCE,ANESTHESIA GAS MACHINE,OPERATING_THEATRE,0.9,SURGICAL,High,CRITICAL_CARE,10.4.155.228,2026-11-22,0.315,0.217,0.303,0.279,0.299,MONITOR,Malfunction,20260227,24467309
FDA0262,Ultrasound 262,Ultrasound,"Shirakawa Olympus Co., Ltd.",EVIS LUCERA ULTRASOU,ULTRASOUND GASTROVIDEOSCOPE,RADIOLOGY,0.7,DIAGNOSTIC,Medium,CLINICAL,10.1.14.94,2026-10-24,0.621,0.282,0.534,0.474,0.299,MONITOR,Malfunction,20260227,24470359
FDA0068,Defibrillator 068,Defibrillator,Zoll Manufacturing Corporation,LIFEVEST WCD 4000 SY,WEARABLE CARDIOVERTER DEFIBRIL,ICU,0.95,LIFE_SUPPORT,High,CRITICAL_CARE,10.2.144.60,2026-05-05,0.331,0.059,0.244,0.205,0.296,MONITOR,Malfunction,20260227,24468318
FDA0033,Infusion Pump 033,Infusion Pump,Medtronic Puerto Rico Operatio,PUMP MMT-1884L MM780,AUTOMATED INSULIN DOSING DEVIC,ICU,0.95,CRITICAL_CARE,High,CRITICAL_CARE,10.1.213.24,2026-10-27,0.323,0.114,0.263,0.229,0.296,MONITOR,Malfunction,20260227,24466128
FDA0284,Fetal Monitor 284,Fetal Monitor,Mis Implants Technologies Ltd.,SEVEN XD INT. HEX. I,"IMPLANT, ENDOSSEOUS, ROOT-FORM",OBSTETRICS,0.7,MONITORING,Medium,CLINICAL,10.2.164.245,2026-01-22,0.72,0.634,0.754,0.711,0.295,MONITOR,Injury,20260227,24466008
FDA0115,MRI Scanner 115,MRI Scanner,Philips Medical Systems Nederl,MR 5000 SERIES,"FULL-BODY MRI SYSTEM, SUPERCON",RADIOLOGY,0.7,DIAGNOSTIC,Medium,CLINICAL,10.1.54.37,2026-02-15,0.648,0.237,0.532,0.465,0.294,MONITOR,Injury,20260211,24312932
FDA0286,Fetal Monitor 286,Fetal Monitor,Mis Implants Technologies Ltd.,SEVEN XD INT. HEX. I,"IMPLANT, ENDOSSEOUS, ROOT-FORM",OBSTETRICS,0.7,MONITORING,Medium,CLINICAL,10.1.160.83,2026-07-26,0.658,0.69,0.738,0.708,0.293,MONITOR,Injury,20260227,24466019
FDA0240,Blood Gas Analyzer 240,Blood Gas Analyzer,"Abiomed, Inc. - 1220648",PUMP 381 PUMP SET (U,TEMPORARY NON-ROLLER TYPE LEFT,LABORATORY,0.6,DIAGNOSTIC,Medium,CLINICAL,10.3.135.48,2026-05-21,0.912,0.093,0.643,0.528,0.291,MONITOR,Death,20260227,24466436
FDA0247,X-Ray System 247,X-Ray System,Philips Medical Systems Nederl,ALLURA XPER FD,"SYSTEM, X-RAY, ANGIOGRAPHIC",RADIOLOGY,0.7,DIAGNOSTIC,Medium,CLINICAL,10.1.67.97,2026-05-12,0.578,0.298,0.513,0.46,0.29,MONITOR,Malfunction,20260227,24469067
FDA0126,Syringe Pump 126,Syringe Pump,Medtronic Puerto Rico Operatio,PARADIGM REAL-TIME I,"PUMP, INFUSION, INSULIN, TO BE",ICU,0.95,CRITICAL_CARE,High,CRITICAL_CARE,10.4.4.46,2026-11-19,0.301,0.126,0.254,0.224,0.288,MONITOR,Malfunction,20260227,24466045
FDA0285,Fetal Monitor 285,Fetal Monitor,Mis Implants Technologies Ltd.,SEVEN XD INT. HEX. I,"IMPLANT, ENDOSSEOUS, ROOT-FORM",OBSTETRICS,0.7,MONITORING,Medium,CLINICAL,10.2.43.6,2026-08-06,0.665,0.656,0.728,0.694,0.287,MONITOR,Injury,20260227,24466015
FDA0085,CT Scanner 085,CT Scanner,Bayer Medical Care Inc.,STELLANT DUAL CT INJ,CT INJECTION SYSTEM,RADIOLOGY,0.7,DIAGNOSTIC,Medium,CLINICAL,10.4.156.145,2026-06-05,0.621,0.239,0.515,0.452,0.286,MONITOR,Injury,20260220,24400418
FDA0135,Syringe Pump 135,Syringe Pump,Medtronic Puerto Rico Operatio,PUMP MMT-1880L MM770,AUTOMATED INSULIN DOSING DEVIC,ICU,0.95,CRITICAL_CARE,High,CRITICAL_CARE,10.4.80.212,2026-03-15,0.334,0.087,0.259,0.221,0.286,MONITOR,Malfunction,20260227,24466157
FDA0263,Ultrasound 263,Ultrasound,"C.R. Bard, Inc. (Basd) -300626",BD SITERITE 9 ULTRAS,GENERAL-PURPOSE ULTRASOUND IMA,RADIOLOGY,0.7,DIAGNOSTIC,Medium,CLINICAL,10.4.119.56,2026-04-21,0.649,0.206,0.519,0.449,0.285,MONITOR,Malfunction,20260227,24471322
FDA0186,ECG Machine 186,ECG Machine,"Physio-Control, Inc. - 3015876",QUIK-STEP PACING/ECG,"ELECTRODE, ELECTROCARDIOGRAPH",CARDIOLOGY,0.8,DIAGNOSTIC,Medium,CLINICAL,10.4.195.247,2026-09-02,0.509,0.239,0.441,0.393,0.283,MONITOR,Malfunction,20260225,24442838
FDA0083,CT Scanner 083,CT Scanner,Siemens Healthcare Limited,SIEMENS 3T MRI SCANN,"SYSTEM, NUCLEAR MAGNETIC RESON",RADIOLOGY,0.7,DIAGNOSTIC,Medium,CLINICAL,10.3.114.78,2026-10-04,0.731,0.087,0.521,0.429,0.276,MONITOR,Injury,20260224,24433296
FDA0183,ECG Machine 183,ECG Machine,Solventum Canada Limited,3M RED DOT MONITORIN,"ELECTRODE, ELECTROCARDIOGRAPH",CARDIOLOGY,0.8,DIAGNOSTIC,Medium,CLINICAL,10.1.208.6,2026-11-02,0.546,0.173,0.436,0.377,0.274,MONITOR,Malfunction,20260226,24456886
FDA0041,Patient Monitor 041,Patient Monitor,Mis Implants Technologies Ltd.,MF7-10375,"IMPLANT, ENDOSSEOUS, ROOT-FORM",ICU,0.95,MONITORING,High,CRITICAL_CARE,10.2.196.17,2026-09-25,0.758,0.137,0.561,0.47,0.272,MONITOR,Injury,20260227,24466002
FDA0279,Ultrasound 279,Ultrasound,"Shirakawa Olympus Co., Ltd.",EVIS EXERA II ULTRAS,ULTRASOUND GASTROVIDEOSCOPE,RADIOLOGY,0.7,DIAGNOSTIC,Medium,CLINICAL,10.4.21.197,2026-06-13,0.642,0.165,0.496,0.424,0.27,MONITOR,Malfunction,20260226,24461691
FDA0261,Ultrasound 261,Ultrasound,"Shirakawa Olympus Co., Ltd.",EVIS EXERA II ULTRAS,ULTRASOUND GASTROVIDEOSCOPE,RADIOLOGY,0.7,DIAGNOSTIC,Medium,CLINICAL,10.3.184.97,2026-06-13,0.614,0.196,0.491,0.425,0.27,MONITOR,Malfunction,20260227,24469433
FDA0081,CT Scanner 081,CT Scanner,Carl Zeiss Meditec Production ,CT LUCIA,CT LUCIA 602,RADIOLOGY,0.7,DIAGNOSTIC,Medium,CLINICAL,10.2.123.42,2026-09-21,0.6,0.211,0.489,0.426,0.27,MONITOR,Injury,20260226,24454459
FDA0271,Ultrasound 271,Ultrasound,"Siemens Medical Solutions Usa,",ACUNAV 8F-90 CATHETE,"CATHETER, ULTRASOUND, INTRAVAS",RADIOLOGY,0.7,DIAGNOSTIC,Medium,CLINICAL,10.3.136.76,2026-08-14,0.531,0.278,0.473,0.425,0.267,MONITOR,Malfunction,20260227,24475113
FDA0252,X-Ray System 252,X-Ray System,Philips Medical Systems Nederl,ALLURA XPER FD,"SYSTEM, X-RAY, ANGIOGRAPHIC",RADIOLOGY,0.7,DIAGNOSTIC,Medium,CLINICAL,10.2.234.102,2026-05-06,0.578,0.227,0.481,0.423,0.267,MONITOR,Malfunction,20260227,24469438
FDA0197,ECG Machine 197,ECG Machine,Unknown,GOOGLE PIXEL WATCH 4,ELECTROCARDIOGRAPH SOFTWARE FO,CARDIOLOGY,0.8,DIAGNOSTIC,Medium,CLINICAL,10.2.171.226,2026-08-21,0.421,0.267,0.395,0.361,0.259,MONITOR,Malfunction,20251222,23866332
FDA0120,MRI Scanner 120,MRI Scanner,Philips Medical Systems Nederl,MR 5000 SERIES,"FULL-BODY MRI SYSTEM, SUPERCON",RADIOLOGY,0.7,DIAGNOSTIC,Medium,CLINICAL,10.1.103.137,2026-08-19,0.667,0.101,0.485,0.403,0.258,MONITOR,Injury,20260206,24275510
FDA0268,Ultrasound 268,Ultrasound,"Shirakawa Olympus Co., Ltd.",EVIS EXERA II ULTRAS,ULTRASOUND GASTROVIDEOSCOPE,RADIOLOGY,0.7,DIAGNOSTIC,Medium,CLINICAL,10.4.72.42,2026-10-21,0.5,0.275,0.451,0.407,0.256,MONITOR,Malfunction,20260227,24473494
FDA0280,Ultrasound 280,Ultrasound,"Siemens Medical Solutions Usa,",ACUSON S2000 ULTRASO,ULTRASOUND DEVICE,RADIOLOGY,0.7,DIAGNOSTIC,Medium,CLINICAL,10.4.194.217,2026-07-19,0.583,0.177,0.463,0.399,0.253,MONITOR,Malfunction,20260226,24461809
FDA0248,X-Ray System 248,X-Ray System,Philips Medical Systems Nederl,AZURION,INTERVENTIONAL FLUOROSCOPIC X-,RADIOLOGY,0.7,DIAGNOSTIC,Medium,CLINICAL,10.1.119.242,2026-02-18,0.496,0.27,0.446,0.402,0.253,MONITOR,Malfunction,20260227,24469171
FDA0278,Ultrasound 278,Ultrasound,"Shirakawa Olympus Co., Ltd.",EVIS EXERA II ULTRAS,ULTRASOUND GASTROVIDEOSCOPE,RADIOLOGY,0.7,DIAGNOSTIC,Medium,CLINICAL,10.2.138.210,2026-10-21,0.52,0.241,0.449,0.4,0.252,MONITOR,Malfunction,20260226,24454522
FDA0182,ECG Machine 182,ECG Machine,Solventum Canada Limited,3M RED DOT MONITORIN,"ELECTRODE, ELECTROCARDIOGRAPH",CARDIOLOGY,0.8,DIAGNOSTIC,Medium,CLINICAL,10.4.58.7,2026-07-10,0.429,0.237,0.387,0.35,0.251,MONITOR,Malfunction,20260226,24456859
FDA0185,ECG Machine 185,ECG Machine,Solventum Canada Limited,3M RED DOT MONITORIN,"ELECTRODE, ELECTROCARDIOGRAPH",CARDIOLOGY,0.8,DIAGNOSTIC,Medium,CLINICAL,10.1.40.119,2026-06-04,0.377,0.293,0.378,0.352,0.251,MONITOR,Malfunction,20260226,24457395
FDA0264,Ultrasound 264,Ultrasound,Us Endoscopy,ULTRAMATRIX,ULTRASOUND ENDOSCOPE BALLOON,RADIOLOGY,0.7,DIAGNOSTIC,Medium,CLINICAL,10.1.159.208,2026-08-25,0.536,0.215,0.448,0.394,0.249,MONITOR,Malfunction,20260227,24471361
FDA0196,ECG Machine 196,ECG Machine,"Physio-Control, Inc. - 3015876",EDGE SYSTEM ELECTROD,"ELECTRODE, ELECTROCARDIOGRAPH",CARDIOLOGY,0.8,DIAGNOSTIC,Medium,CLINICAL,10.4.160.10,2026-02-11,0.474,0.181,0.392,0.344,0.249,MONITOR,Malfunction,20260105,23956188
FDA0232,Blood Gas Analyzer 232,Blood Gas Analyzer,Ge Medical Systems (China) Co.,CARESTATION 750,ANESTHESIA GAS MACHINE,LABORATORY,0.6,DIAGNOSTIC,Medium,CLINICAL,10.1.55.78,2026-08-04,0.622,0.253,0.522,0.459,0.249,MONITOR,Malfunction,20260227,24466219
FDA0060,Patient Monitor 060,Patient Monitor,"Dexcom, Inc.",DEXCOM G6 CONTINUOUS,CONTINUOUS GLUCOSE MONITOR,ICU,0.95,MONITORING,High,CRITICAL_CARE,10.2.92.178,2026-11-14,0.584,0.243,0.492,0.434,0.248,MONITOR,Malfunction,20260227,24466073
FDA0191,ECG Machine 191,ECG Machine,"Physio-Control, Inc. - 3015876",EDGE SYSTEM ELECTROD,"ELECTRODE, ELECTROCARDIOGRAPH",CARDIOLOGY,0.8,DIAGNOSTIC,Medium,CLINICAL,10.4.176.244,2026-01-08,0.574,0.066,0.408,0.336,0.247,MONITOR,Malfunction,20260210,24304948
FDA0226,Blood Gas Analyzer 226,Blood Gas Analyzer,"Datex-Ohmeda, Inc.",CARESTATION 620,ANESTHESIA GAS MACHINE,LABORATORY,0.6,DIAGNOSTIC,Medium,CLINICAL,10.1.155.182,2026-10-15,0.606,0.262,0.515,0.456,0.247,MONITOR,Malfunction,20260227,24466143
FDA0276,Ultrasound 276,Ultrasound,"Shirakawa Olympus Co., Ltd.",EVIS LUCERA ULTRASOU,ULTRASOUND GASTROVIDEOSCOPE,RADIOLOGY,0.7,DIAGNOSTIC,Medium,CLINICAL,10.1.150.85,2026-05-05,0.529,0.211,0.442,0.389,0.246,MONITOR,Malfunction,20260226,24453498
FDA0275,Ultrasound 275,Ultrasound,"Shirakawa Olympus Co., Ltd.",EVIS EXERA II ULTRAS,ULTRASOUND GASTROVIDEOSCOPE,RADIOLOGY,0.7,DIAGNOSTIC,Medium,CLINICAL,10.3.18.135,2026-10-27,0.524,0.217,0.441,0.389,0.246,MONITOR,Malfunction,20260226,24452368
FDA0250,X-Ray System 250,X-Ray System,Philips Medical Systems Nederl,AZURION,INTERVENTIONAL FLUOROSCOPIC X-,RADIOLOGY,0.7,DIAGNOSTIC,Medium,CLINICAL,10.1.74.215,2026-09-06,0.47,0.268,0.428,0.387,0.243,MONITOR,Malfunction,20260227,24469424
FDA0253,X-Ray System 253,X-Ray System,"Medtronic Navigation, Inc. (Bo",O-ARM O2 IMAGING SYS,INTERVENTIONAL FLUOROSCOPIC X-,RADIOLOGY,0.7,DIAGNOSTIC,Medium,CLINICAL,10.2.113.48,2026-09-23,0.443,0.29,0.42,0.385,0.241,MONITOR,Malfunction,20260227,24469778
FDA0246,X-Ray System 246,X-Ray System,Philips Medical Systems Nederl,AZURION,INTERVENTIONAL FLUOROSCOPIC X-,RADIOLOGY,0.7,DIAGNOSTIC,Medium,CLINICAL,10.2.193.72,2026-01-25,0.564,0.159,0.442,0.38,0.241,MONITOR,Malfunction,20260227,24468895
FDA0266,Ultrasound 266,Ultrasound,"Siemens Medical Solutions Usa,",ACUSON SC2000 ULTRAS,ULTRASOUND DEVICE,RADIOLOGY,0.7,DIAGNOSTIC,Medium,CLINICAL,10.4.23.205,2026-05-25,0.581,0.121,0.437,0.369,0.235,MONITOR,Malfunction,20260227,24472091
FDA0059,Patient Monitor 059,Patient Monitor,"Dexcom, Inc.",DEXCOM G6 CONTINUOUS,CONTINUOUS GLUCOSE MONITOR,ICU,0.95,MONITORING,High,CRITICAL_CARE,10.4.209.1,2026-05-19,0.637,0.136,0.48,0.406,0.234,MONITOR,Malfunction,20260227,24466071
FDA0241,X-Ray System 241,X-Ray System,"Medtronic Navigation, Inc. (Bo",O-ARM O2 IMAGING SYS,INTERVENTIONAL FLUOROSCOPIC X-,RADIOLOGY,0.7,DIAGNOSTIC,Medium,CLINICAL,10.4.116.104,2026-11-22,0.527,0.177,0.426,0.37,0.234,MONITOR,Malfunction,20260227,24466682
FDA0274,Ultrasound 274,Ultrasound,Hoya Corporation Pentax Tokyo ,PENTAX MEDICAL,DIGITAL SLIM LINEAR ULTRASOUND,RADIOLOGY,0.7,DIAGNOSTIC,Medium,CLINICAL,10.2.76.195,2026-10-03,0.433,0.269,0.404,0.369,0.231,MONITOR,Malfunction,20260226,24451129
FDA0230,Blood Gas Analyzer 230,Blood Gas Analyzer,Ge Medical Systems (China) Co.,CARESTATION 650,ANESTHESIA GAS MACHINE,LABORATORY,0.6,DIAGNOSTIC,Medium,CLINICAL,10.2.22.224,2026-04-09,0.538,0.267,0.473,0.423,0.228,MONITOR,Malfunction,20260227,24466180
FDA0256,X-Ray System 256,X-Ray System,Philips Medical Systems Nederl,AZURION,INTERVENTIONAL FLUOROSCOPIC X-,RADIOLOGY,0.7,DIAGNOSTIC,Medium,CLINICAL,10.4.146.181,2026-08-11,0.41,0.267,0.388,0.355,0.223,MONITOR,Malfunction,20260227,24471637
FDA0049,Patient Monitor 049,Patient Monitor,"Dexcom, Inc.",DEXCOM G7 CONTINUOUS,CONTINUOUS GLUCOSE MONITOR,ICU,0.95,MONITORING,High,CRITICAL_CARE,10.1.55.153,2026-01-19,0.526,0.209,0.439,0.386,0.221,MONITOR,Malfunction,20260227,24466024
FDA0265,Ultrasound 265,Ultrasound,"Shirakawa Olympus Co., Ltd.",EVIS EXERA II ULTRAS,ULTRASOUND GASTROVIDEOSCOPE,RADIOLOGY,0.7,DIAGNOSTIC,Medium,CLINICAL,10.4.33.84,2026-10-22,0.453,0.209,0.391,0.348,0.219,MONITOR,Malfunction,20260227,24471657
FDA0101,MRI Scanner 101,MRI Scanner,Philips Medical Systems Nederl,ACHIEVA 1.5T DSTREAM,"FULL-BODY MRI SYSTEM, SUPERCON",RADIOLOGY,0.7,DIAGNOSTIC,Medium,CLINICAL,10.1.249.80,2026-01-12,0.497,0.16,0.398,0.345,0.219,MONITOR,Malfunction,20260227,24468409
FDA0052,Patient Monitor 052,Patient Monitor,"Dexcom, Inc.",DEXCOM G7 CONTINUOUS,CONTINUOUS GLUCOSE MONITOR,ICU,0.95,MONITORING,High,CRITICAL_CARE,10.1.129.102,2026-06-10,0.532,0.192,0.436,0.38,0.218,MONITOR,Malfunction,20260227,24466027
FDA0042,Patient Monitor 042,Patient Monitor,Spacelabs Healthcare,XHIBIT CENTRAL STATI,CENTRAL STATION REMOTE MONITOR,ICU,0.95,MONITORING,High,CRITICAL_CARE,10.3.193.117,2026-01-04,0.595,0.122,0.446,0.376,0.217,MONITOR,Malfunction,20260227,24466005
FDA0258,X-Ray System 258,X-Ray System,Philips Medical Systems Nederl,ALLURA XPER FD,"SYSTEM, X-RAY, ANGIOGRAPHIC",RADIOLOGY,0.7,DIAGNOSTIC,Medium,CLINICAL,10.4.20.137,2026-07-01,0.416,0.238,0.379,0.343,0.216,MONITOR,Malfunction,20260227,24471794
FDA0181,ECG Machine 181,ECG Machine,Solventum Canada Limited,3M RED DOT MONITORIN,"ELECTRODE, ELECTROCARDIOGRAPH",CARDIOLOGY,0.8,DIAGNOSTIC,Medium,CLINICAL,10.4.115.44,2026-05-17,0.369,0.202,0.332,0.3,0.215,MONITOR,Malfunction,20260226,24456806
FDA0227,Blood Gas Analyzer 227,Blood Gas Analyzer,Ge Medical Systems (China) Co.,CARESTATION 750,ANESTHESIA GAS MACHINE,LABORATORY,0.6,DIAGNOSTIC,Medium,CLINICAL,10.3.67.46,2026-09-21,0.513,0.22,0.435,0.385,0.208,MONITOR,Malfunction,20260227,24466156
FDA0242,X-Ray System 242,X-Ray System,"Medtronic Navigation, Inc. (Bo",O-ARM O2 IMAGING SYS,INTERVENTIONAL FLUOROSCOPIC X-,RADIOLOGY,0.7,DIAGNOSTIC,Medium,CLINICAL,10.1.162.103,2026-04-26,0.499,0.123,0.383,0.327,0.208,MONITOR,Malfunction,20260227,24466709
FDA0272,Ultrasound 272,Ultrasound,"Siemens Medical Solutions Usa,",ACUNAV 8F-90 CATHETE,"CATHETER, ULTRASOUND, INTRAVAS",RADIOLOGY,0.7,DIAGNOSTIC,Medium,CLINICAL,10.3.139.166,2026-05-26,0.336,0.298,0.353,0.333,0.207,MONITOR,Malfunction,20260227,24475215
FDA0089,CT Scanner 089,CT Scanner,"C.R. Bard, Inc. (Basd) -300626",SITE-RITE 8 SCANNER,SITE-RITE 8 SCANNER,RADIOLOGY,0.7,DIAGNOSTIC,Medium,CLINICAL,10.4.59.87,2026-04-27,0.474,0.146,0.377,0.326,0.207,MONITOR,Malfunction,20260218,24376761
FDA0222,Blood Gas Analyzer 222,Blood Gas Analyzer,Fisher & Paykel Healthcare Ltd,FISHER & PAYKEL HEAL,RESPIRATORY HUMIDIFIER,LABORATORY,0.6,DIAGNOSTIC,Medium,CLINICAL,10.3.98.240,2026-09-04,0.611,0.106,0.45,0.376,0.206,MONITOR,Malfunction,20260227,24466000
FDA0199,ECG Machine 199,ECG Machine,Mortara Instrument,RECON ELI 380 TOUCH ,ELECTROCARDIOGRAPH,CARDIOLOGY,0.8,DIAGNOSTIC,Medium,CLINICAL,10.2.241.132,2026-01-24,0.423,0.117,0.331,0.284,0.206,MONITOR,Malfunction,20251215,23802990
FDA0287,Fetal Monitor 287,Fetal Monitor,"Dexcom, Inc.",DEXCOM G6 CONTINUOUS,CONTINUOUS GLUCOSE MONITOR,OBSTETRICS,0.7,MONITORING,Medium,CLINICAL,10.1.112.204,2026-10-07,0.632,0.299,0.549,0.489,0.205,MONITOR,Malfunction,20260227,24466022
FDA0225,Blood Gas Analyzer 225,Blood Gas Analyzer,"Abiomed, Inc. - 1220648",IMPELLA 5.5 WITH SMA,TEMPORARY NON-ROLLER TYPE LEFT,LABORATORY,0.6,DIAGNOSTIC,Medium,CLINICAL,10.3.123.99,2026-04-19,0.57,0.137,0.436,0.371,0.203,MONITOR,Injury,20260227,24466139
FDA0234,Blood Gas Analyzer 234,Blood Gas Analyzer,Tianjin Huahong Technology Co.,MEDICORE,SINGLE USE ONLY BLOOD LANCET W,LABORATORY,0.6,DIAGNOSTIC,Medium,CLINICAL,10.3.110.54,2026-04-24,0.593,0.103,0.437,0.365,0.2,MONITOR,Malfunction,20260227,24466255
FDA0043,Patient Monitor 043,Patient Monitor,Spacelabs Healthcare,XHIBIT CENTRAL STATI,CENTRAL STATION REMOTE MONITOR,ICU,0.95,MONITORING,High,CRITICAL_CARE,10.2.214.181,2026-08-06,0.483,0.158,0.388,0.337,0.193,MONITOR,Malfunction,20260227,24466006
FDA0198,ECG Machine 198,ECG Machine,Fitbit Llc,FITBIT,ELECTROCARDIOGRAPH SOFTWARE FO,CARDIOLOGY,0.8,DIAGNOSTIC,Medium,CLINICAL,10.2.86.37,2026-01-17,0.33,0.179,0.297,0.267,0.192,MONITOR,Malfunction,20251222,23866353
FDA0290,Fetal Monitor 290,Fetal Monitor,"Dexcom, Inc.",DEXCOM G7 CONTINUOUS,CONTINUOUS GLUCOSE MONITOR,OBSTETRICS,0.7,MONITORING,Medium,CLINICAL,10.2.99.145,2026-03-16,0.603,0.258,0.511,0.452,0.19,MONITOR,Malfunction,20260227,24466025
FDA0244,X-Ray System 244,X-Ray System,Philips Medical Systems Nederl,AZURION,INTERVENTIONAL FLUOROSCOPIC X-,RADIOLOGY,0.7,DIAGNOSTIC,Medium,CLINICAL,10.2.90.89,2026-11-15,0.428,0.143,0.345,0.3,0.19,MONITOR,Malfunction,20260227,24468612
FDA0255,X-Ray System 255,X-Ray System,"Medtronic Navigation, Inc. (Bo",O-ARM O2 IMAGING SYS,INTERVENTIONAL FLUOROSCOPIC X-,RADIOLOGY,0.7,DIAGNOSTIC,Medium,CLINICAL,10.1.88.149,2026-09-20,0.358,0.213,0.33,0.3,0.188,MONITOR,Malfunction,20260227,24470866
FDA0221,Blood Gas Analyzer 221,Blood Gas Analyzer,Fisher & Paykel Healthcare Ltd,FISHER & PAYKEL HEAL,RESPIRATORY HUMIDIFIER,LABORATORY,0.6,DIAGNOSTIC,Medium,CLINICAL,10.2.243.241,2026-02-03,0.567,0.082,0.41,0.341,0.187,MONITOR,Malfunction,20260227,24465999
FDA0281,Fetal Monitor 281,Fetal Monitor,Mis Implants Technologies Ltd.,MF7-10375,"IMPLANT, ENDOSSEOUS, ROOT-FORM",OBSTETRICS,0.7,MONITORING,Medium,CLINICAL,10.2.31.115,2026-11-19,0.679,0.16,0.519,0.44,0.187,MONITOR,Injury,20260227,24466002
FDA0233,Blood Gas Analyzer 233,Blood Gas Analyzer,Ge Medical Systems (China) Co.,CARESTATION 620,ANESTHESIA GAS MACHINE,LABORATORY,0.6,DIAGNOSTIC,Medium,CLINICAL,10.1.66.163,2026-03-14,0.553,0.095,0.407,0.34,0.187,MONITOR,Malfunction,20260227,24466223
FDA0260,X-Ray System 260,X-Ray System,Neurologica Corporation,NL4000,COMPUTED TOMOGRAPHY X-RAY SYST,RADIOLOGY,0.7,DIAGNOSTIC,Medium,CLINICAL,10.3.222.150,2026-06-11,0.324,0.24,0.319,0.296,0.185,MONITOR,Malfunction,20260227,24474453
FDA0224,Blood Gas Analyzer 224,Blood Gas Analyzer,Ge Medical Systems (China) Co.,CARESTATION 650,ANESTHESIA GAS MACHINE,LABORATORY,0.6,DIAGNOSTIC,Medium,CLINICAL,10.4.151.86,2026-08-13,0.388,0.261,0.371,0.341,0.183,MONITOR,Malfunction,20260227,24466062
FDA0237,Blood Gas Analyzer 237,Blood Gas Analyzer,Abbott Diabetes Care Inc,FREESTYLE NEO,BLOOD GLUCOSE MONITORING SYSTE,LABORATORY,0.6,DIAGNOSTIC,Medium,CLINICAL,10.4.224.184,2026-05-19,0.413,0.23,0.374,0.338,0.182,MONITOR,Malfunction,20260227,24466371
FDA0048,Patient Monitor 048,Patient Monitor,"Dexcom, Inc.",DEXCOM G7 CONTINUOUS,CONTINUOUS GLUCOSE MONITOR,ICU,0.95,MONITORING,High,CRITICAL_CARE,10.2.66.160,2026-05-12,0.445,0.155,0.362,0.315,0.181,MONITOR,Malfunction,20260227,24466023
FDA0057,Patient Monitor 057,Patient Monitor,"Dexcom, Inc.",DEXCOM G7 CONTINUOUS,CONTINUOUS GLUCOSE MONITOR,ICU,0.95,MONITORING,High,CRITICAL_CARE,10.3.176.52,2026-07-12,0.388,0.215,0.351,0.317,0.18,MONITOR,Malfunction,20260227,24466069
FDA0223,Blood Gas Analyzer 223,Blood Gas Analyzer,Fisher & Paykel Healthcare Ltd,FISHER AND PAYKEL HE,NASAL CANNULA,LABORATORY,0.6,DIAGNOSTIC,Medium,CLINICAL,10.3.155.249,2026-04-09,0.462,0.171,0.38,0.332,0.18,MONITOR,Malfunction,20260227,24466048
FDA0051,Patient Monitor 051,Patient Monitor,"Dexcom, Inc.",DEXCOM G7 CONTINUOUS,CONTINUOUS GLUCOSE MONITOR,ICU,0.95,MONITORING,High,CRITICAL_CARE,10.2.23.91,2026-09-03,0.438,0.161,0.36,0.314,0.18,MONITOR,Malfunction,20260227,24466026
FDA0267,Ultrasound 267,Ultrasound,"Shirakawa Olympus Co., Ltd.",EVIS EXERA II ULTRAS,ULTRASOUND GASTROVIDEOSCOPE,RADIOLOGY,0.7,DIAGNOSTIC,Medium,CLINICAL,10.1.207.57,2026-06-19,0.365,0.176,0.318,0.284,0.179,MONITOR,Malfunction,20260227,24472299
FDA0056,Patient Monitor 056,Patient Monitor,"Dexcom, Inc.",DEXCOM G6 CONTINUOUS,CONTINUOUS GLUCOSE MONITOR,ICU,0.95,MONITORING,High,CRITICAL_CARE,10.2.249.75,2026-10-22,0.461,0.114,0.354,0.302,0.174,MONITOR,Malfunction,20260227,24466068
FDA0292,Fetal Monitor 292,Fetal Monitor,"Dexcom, Inc.",DEXCOM G7 CONTINUOUS,CONTINUOUS GLUCOSE MONITOR,OBSTETRICS,0.7,MONITORING,Medium,CLINICAL,10.2.246.152,2026-02-20,0.617,0.149,0.473,0.402,0.171,MONITOR,Malfunction,20260227,24466027
FDA0296,Fetal Monitor 296,Fetal Monitor,"Dexcom, Inc.",DEXCOM G6 CONTINUOUS,CONTINUOUS GLUCOSE MONITOR,OBSTETRICS,0.7,MONITORING,Medium,CLINICAL,10.2.215.134,2026-08-03,0.493,0.281,0.449,0.406,0.17,MONITOR,Malfunction,20260227,24466068
FDA0058,Patient Monitor 058,Patient Monitor,"Dexcom, Inc.",DEXCOM G7 CONTINUOUS,CONTINUOUS GLUCOSE MONITOR,ICU,0.95,MONITORING,High,CRITICAL_CARE,10.1.191.99,2026-10-22,0.393,0.172,0.335,0.297,0.169,MONITOR,Malfunction,20260227,24466070
FDA0273,Ultrasound 273,Ultrasound,"Siemens Medical Solutions Usa,",ACUNAV 8F-90 CATHETE,"CATHETER, ULTRASOUND, INTRAVAS",RADIOLOGY,0.7,DIAGNOSTIC,Medium,CLINICAL,10.1.78.112,2026-08-16,0.408,0.09,0.309,0.261,0.167,MONITOR,Malfunction,20260227,24475290
FDA0257,X-Ray System 257,X-Ray System,"Medtronic Navigation, Inc. (Bo",O-ARM O2 IMAGING SYS,INTERVENTIONAL FLUOROSCOPIC X-,RADIOLOGY,0.7,DIAGNOSTIC,Medium,CLINICAL,10.4.98.16,2026-03-05,0.315,0.189,0.291,0.265,0.166,MONITOR,Malfunction,20260227,24471784
FDA0050,Patient Monitor 050,Patient Monitor,"Dexcom, Inc.",DEXCOM G7 CONTINUOUS,CONTINUOUS GLUCOSE MONITOR,ICU,0.95,MONITORING,High,CRITICAL_CARE,10.3.78.249,2026-04-03,0.394,0.155,0.328,0.288,0.165,MONITOR,Malfunction,20260227,24466025
FDA0289,Fetal Monitor 289,Fetal Monitor,"Dexcom, Inc.",DEXCOM G7 CONTINUOUS,CONTINUOUS GLUCOSE MONITOR,OBSTETRICS,0.7,MONITORING,Medium,CLINICAL,10.1.132.39,2026-06-25,0.46,0.276,0.425,0.386,0.162,MONITOR,Malfunction,20260227,24466024
FDA0254,X-Ray System 254,X-Ray System,Philips Medical Systems Nederl,ALLURA XPER FD,"SYSTEM, X-RAY, ANGIOGRAPHIC",RADIOLOGY,0.7,DIAGNOSTIC,Medium,CLINICAL,10.1.123.151,2026-11-09,0.301,0.191,0.283,0.258,0.162,MONITOR,Malfunction,20260227,24470121
FDA0251,X-Ray System 251,X-Ray System,Philips Medical Systems Nederl,ALLURA XPER FD,"SYSTEM, X-RAY, ANGIOGRAPHIC",RADIOLOGY,0.7,DIAGNOSTIC,Medium,CLINICAL,10.2.161.115,2026-09-01,0.315,0.17,0.283,0.255,0.16,MONITOR,Malfunction,20260227,24469429
FDA0055,Patient Monitor 055,Patient Monitor,"Dexcom, Inc.",DEXCOM G7 15 DAY CON,CONTINUOUS GLUCOSE MONITOR,ICU,0.95,MONITORING,High,CRITICAL_CARE,10.2.161.207,2026-09-19,0.384,0.149,0.319,0.28,0.16,MONITOR,Malfunction,20260227,24466067
FDA0283,Fetal Monitor 283,Fetal Monitor,Spacelabs Healthcare,XHIBIT CENTRAL STATI,CENTRAL STATION REMOTE MONITOR,OBSTETRICS,0.7,MONITORING,Medium,CLINICAL,10.4.60.180,2026-06-21,0.514,0.191,0.423,0.37,0.156,MONITOR,Malfunction,20260227,24466006
FDA0298,Fetal Monitor 298,Fetal Monitor,"Dexcom, Inc.",DEXCOM G7 CONTINUOUS,CONTINUOUS GLUCOSE MONITOR,OBSTETRICS,0.7,MONITORING,Medium,CLINICAL,10.4.127.94,2026-02-10,0.593,0.101,0.436,0.364,0.155,MONITOR,Malfunction,20260227,24466070
FDA0269,Ultrasound 269,Ultrasound,"C.R. Bard, Inc. (Basd) -300626",BD PREVUE,GENERAL-PURPOSE ULTRASOUND IMA,RADIOLOGY,0.7,DIAGNOSTIC,Medium,CLINICAL,10.3.134.147,2026-09-22,0.344,0.118,0.279,0.243,0.154,MONITOR,Malfunction,20260227,24474228
FDA0238,Blood Gas Analyzer 238,Blood Gas Analyzer,Abbott Diabetes Care Inc,FREESTYLE NEO,BLOOD GLUCOSE MONITORING SYSTE,LABORATORY,0.6,DIAGNOSTIC,Medium,CLINICAL,10.3.2.140,2026-11-25,0.433,0.1,0.33,0.28,0.153,MONITOR,Malfunction,20260227,24466422
FDA0243,X-Ray System 243,X-Ray System,Philips Medical Systems Nederl,ALLURA XPER FD,"SYSTEM, X-RAY, ANGIOGRAPHIC",RADIOLOGY,0.7,DIAGNOSTIC,Medium,CLINICAL,10.1.5.212,2026-09-16,0.36,0.082,0.274,0.232,0.148,MONITOR,Malfunction,20260227,24468149
FDA0249,X-Ray System 249,X-Ray System,Philips Medical Systems Nederl,ALLURA XPER FD,INTERVENTIONAL FLUOROSCOPIC X-,RADIOLOGY,0.7,DIAGNOSTIC,Medium,CLINICAL,10.2.218.244,2026-06-10,0.327,0.114,0.266,0.232,0.147,MONITOR,Malfunction,20260227,24469179
FDA0047,Patient Monitor 047,Patient Monitor,"Dexcom, Inc.",DEXCOM G6 CONTINUOUS,CONTINUOUS GLUCOSE MONITOR,ICU,0.95,MONITORING,High,CRITICAL_CARE,10.2.194.21,2026-02-06,0.378,0.094,0.291,0.248,0.143,MONITOR,Malfunction,20260227,24466022
FDA0295,Fetal Monitor 295,Fetal Monitor,"Dexcom, Inc.",DEXCOM G7 15 DAY CON,CONTINUOUS GLUCOSE MONITOR,OBSTETRICS,0.7,MONITORING,Medium,CLINICAL,10.1.206.125,2026-08-18,0.539,0.093,0.397,0.332,0.142,MONITOR,Malfunction,20260227,24466067
FDA0189,ECG Machine 189,ECG Machine,Alivecor,KARDIA,"TRANSMITTERS AND RECEIVERS, EL",CARDIOLOGY,0.8,DIAGNOSTIC,Medium,CLINICAL,10.3.42.208,2026-03-25,0.308,0.061,0.23,0.194,0.141,MONITOR,Malfunction,20260217,24365376
FDA0239,Blood Gas Analyzer 239,Blood Gas Analyzer,Abbott Diabetes Care Inc,FREESTYLE NEO,BLOOD GLUCOSE MONITORING SYSTE,LABORATORY,0.6,DIAGNOSTIC,Medium,CLINICAL,10.1.143.24,2026-11-27,0.317,0.158,0.279,0.249,0.135,MONITOR,Malfunction,20260227,24466423
FDA0288,Fetal Monitor 288,Fetal Monitor,"Dexcom, Inc.",DEXCOM G7 CONTINUOUS,CONTINUOUS GLUCOSE MONITOR,OBSTETRICS,0.7,MONITORING,Medium,CLINICAL,10.3.154.161,2026-05-04,0.495,0.107,0.374,0.316,0.134,MONITOR,Malfunction,20260227,24466023
FDA0270,Ultrasound 270,Ultrasound,"C.R. Bard, Inc. (Basd) -300626",SITERITE CUE,EXTRACORPOREAL ULTRASOUND IMAG,RADIOLOGY,0.7,DIAGNOSTIC,Medium,CLINICAL,10.3.193.45,2026-01-13,0.338,0.059,0.249,0.208,0.133,MONITOR,Malfunction,20260227,24474468
FDA0297,Fetal Monitor 297,Fetal Monitor,"Dexcom, Inc.",DEXCOM G7 CONTINUOUS,CONTINUOUS GLUCOSE MONITOR,OBSTETRICS,0.7,MONITORING,Medium,CLINICAL,10.4.71.99,2026-08-02,0.419,0.161,0.347,0.304,0.128,MONITOR,Malfunction,20260227,24466069
FDA0245,X-Ray System 245,X-Ray System,Philips Medical Systems Nederl,ALLURA XPER FD10,"SYSTEM, X-RAY, ANGIOGRAPHIC",RADIOLOGY,0.7,DIAGNOSTIC,Medium,CLINICAL,10.4.250.62,2026-03-09,0.302,0.072,0.231,0.196,0.125,MONITOR,Malfunction,20260227,24468810
FDA0236,Blood Gas Analyzer 236,Blood Gas Analyzer,"Roche Diabetes Care, Inc.",ACCU-CHEK ® GUIDE,BLOOD GLUCOSE MONITORING TEST ,LABORATORY,0.6,DIAGNOSTIC,Medium,CLINICAL,10.2.187.73,2026-09-24,0.31,0.118,0.257,0.225,0.122,MONITOR,Malfunction,20260227,24466370
FDA0299,Fetal Monitor 299,Fetal Monitor,"Dexcom, Inc.",DEXCOM G6 CONTINUOUS,CONTINUOUS GLUCOSE MONITOR,OBSTETRICS,0.7,MONITORING,Medium,CLINICAL,10.4.69.216,2026-07-16,0.385,0.123,0.308,0.267,0.113,MONITOR,Malfunction,20260227,24466071
FDA0291,Fetal Monitor 291,Fetal Monitor,"Dexcom, Inc.",DEXCOM G7 CONTINUOUS,CONTINUOUS GLUCOSE MONITOR,OBSTETRICS,0.7,MONITORING,Medium,CLINICAL,10.3.216.40,2026-07-26,0.442,0.053,0.315,0.26,0.111,MONITOR,Malfunction,20260227,24466026
FDA0300,Fetal Monitor 300,Fetal Monitor,"Dexcom, Inc.",DEXCOM G6 CONTINUOUS,CONTINUOUS GLUCOSE MONITOR,OBSTETRICS,0.7,MONITORING,Medium,CLINICAL,10.2.168.120,2026-05-04,0.375,0.124,0.302,0.262,0.111,MONITOR,Malfunction,20260227,24466073
FDA0282,Fetal Monitor 282,Fetal Monitor,Spacelabs Healthcare,XHIBIT CENTRAL STATI,CENTRAL STATION REMOTE MONITOR,OBSTETRICS,0.7,MONITORING,Medium,CLINICAL,10.1.114.191,2026-10-17,0.353,0.075,0.266,0.225,0.096,MONITOR,Malfunction,20260227,24466005
