device_id,device_type,manufacturer,model,ward,ward_criticality,patient_impact,criticality,serial_number,purchase_date,last_maintenance,next_maintenance,network_segment,ip_address
D0001,Ventilator,Medtronic,VEN-792,ICU,1.5,LIFE_SUPPORT,High,ME81482,2020-10-14,2026-03-01,2026-05-15,CRITICAL_CARE,10.24.56.60
D0002,Ventilator,Getinge,VEN-716,ICU,1.5,LIFE_SUPPORT,High,GE13478,2024-04-23,2025-10-21,2026-08-23,CRITICAL_CARE,10.57.115.151
D0003,Ventilator,Draeger,VEN-928,EMERGENCY,1.3,LIFE_SUPPORT,High,DR10851,2021-12-14,2025-12-12,2026-07-18,CRITICAL_CARE,10.40.56.246
D0004,Ventilator,Draeger,VEN-204,EMERGENCY,1.3,LIFE_SUPPORT,High,DR22156,2023-02-12,2025-12-11,2026-07-14,CRITICAL_CARE,10.207.12.187
D0005,Ventilator,GE Healthcare,VEN-649,EMERGENCY,1.3,LIFE_SUPPORT,High,GE26361,2023-02-18,2025-12-24,2026-08-08,CRITICAL_CARE,10.148.50.181
D0006,Ventilator,Medtronic,VEN-146,OPERATING_THEATRE,1.4,LIFE_SUPPORT,High,ME96673,2021-05-03,2026-01-09,2026-06-02,CRITICAL_CARE,10.98.72.117
D0007,Ventilator,Draeger,VEN-266,OPERATING_THEATRE,1.4,LIFE_SUPPORT,High,DR58520,2022-04-22,2025-12-31,2026-05-26,CRITICAL_CARE,10.156.163.44
D0008,Ventilator,Getinge,VEN-846,NICU,1.5,LIFE_SUPPORT,High,GE42087,2021-08-13,2025-12-30,2026-09-27,CRITICAL_CARE,10.57.176.84
D0009,Ventilator,Medtronic,VEN-334,PEDIATRICS,1.2,LIFE_SUPPORT,High,ME14207,2022-07-09,2026-02-21,2026-07-01,CLINICAL,10.234.242.146
D0010,Infusion Pump,Baxter,INF-873,ICU,1.5,CRITICAL_CARE,High,BA16175,2020-03-21,2026-01-28,2026-08-24,CRITICAL_CARE,10.153.17.99
D0011,Infusion Pump,ICU Medical,INF-710,ICU,1.5,CRITICAL_CARE,High,IC71348,2024-05-18,2026-03-07,2026-06-06,CRITICAL_CARE,10.175.227.138
D0012,Infusion Pump,Smiths Medical,INF-887,ICU,1.5,CRITICAL_CARE,High,SM94012,2022-02-10,2025-11-18,2026-06-17,CRITICAL_CARE,10.117.1.245
D0013,Infusion Pump,Smiths Medical,INF-612,ICU,1.5,CRITICAL_CARE,High,SM33416,2024-02-28,2025-12-23,2026-09-14,CRITICAL_CARE,10.156.51.40
D0014,Infusion Pump,Smiths Medical,INF-880,ICU,1.5,CRITICAL_CARE,High,SM31174,2024-09-01,2025-12-17,2026-09-10,CRITICAL_CARE,10.5.29.238
D0015,Infusion Pump,Smiths Medical,INF-999,ICU,1.5,CRITICAL_CARE,High,SM50306,2021-01-08,2025-10-15,2026-05-28,CRITICAL_CARE,10.22.188.125
D0016,Infusion Pump,Baxter,INF-878,ICU,1.5,CRITICAL_CARE,High,BA79822,2021-03-22,2025-11-08,2026-09-25,CRITICAL_CARE,10.43.68.136
D0017,Infusion Pump,Fresenius,INF-533,GENERAL_WARD,1.0,CRITICAL_CARE,High,FR37760,2024-12-23,2026-01-17,2026-07-26,GENERAL,10.103.255.172
D0018,Infusion Pump,Smiths Medical,INF-548,GENERAL_WARD,1.0,CRITICAL_CARE,High,SM77839,2023-02-08,2026-01-11,2026-05-24,GENERAL,10.87.6.151
D0019,Infusion Pump,Fresenius,INF-335,GENERAL_WARD,1.0,CRITICAL_CARE,High,FR87128,2021-01-03,2026-02-22,2026-07-05,GENERAL,10.18.232.9
D0020,Infusion Pump,Smiths Medical,INF-172,GENERAL_WARD,1.0,CRITICAL_CARE,High,SM77391,2021-05-22,2025-11-05,2026-07-01,GENERAL,10.139.34.186
D0021,Infusion Pump,Fresenius,INF-690,GENERAL_WARD,1.0,CRITICAL_CARE,High,FR71953,2021-08-26,2025-11-25,2026-06-25,GENERAL,10.25.25.169
D0022,Infusion Pump,ICU Medical,INF-462,GENERAL_WARD,1.0,CRITICAL_CARE,High,IC65519,2023-08-28,2026-02-24,2026-06-02,GENERAL,10.16.104.187
D0023,Infusion Pump,Smiths Medical,INF-919,GENERAL_WARD,1.0,CRITICAL_CARE,High,SM24322,2021-04-07,2025-10-23,2026-08-30,GENERAL,10.36.109.47
D0024,Infusion Pump,Smiths Medical,INF-573,GENERAL_WARD,1.0,CRITICAL_CARE,High,SM42742,2020-08-26,2025-10-20,2026-06-02,GENERAL,10.13.167.139
D0025,Infusion Pump,Baxter,INF-195,GENERAL_WARD,1.0,CRITICAL_CARE,High,BA40982,2021-07-16,2025-11-06,2026-07-01,GENERAL,10.222.103.232
D0026,Infusion Pump,Baxter,INF-268,EMERGENCY,1.3,CRITICAL_CARE,High,BA59672,2020-07-09,2025-11-13,2026-07-20,CRITICAL_CARE,10.109.179.246
D0027,Infusion Pump,Fresenius,INF-777,EMERGENCY,1.3,CRITICAL_CARE,High,FR73788,2021-04-10,2026-01-13,2026-05-22,CRITICAL_CARE,10.149.189.139
D0028,Infusion Pump,Baxter,INF-865,EMERGENCY,1.3,CRITICAL_CARE,High,BA51104,2020-01-19,2025-11-07,2026-09-13,CRITICAL_CARE,10.236.219.136
D0029,Infusion Pump,BD Alaris,INF-158,EMERGENCY,1.3,CRITICAL_CARE,High,BD76562,2020-03-03,2026-02-20,2026-07-07,CRITICAL_CARE,10.104.31.242
D0030,Infusion Pump,Fresenius,INF-352,EMERGENCY,1.3,CRITICAL_CARE,High,FR85880,2024-01-20,2026-02-17,2026-08-23,CRITICAL_CARE,10.169.150.145
D0031,Infusion Pump,Fresenius,INF-423,EMERGENCY,1.3,CRITICAL_CARE,High,FR44179,2021-11-23,2025-12-19,2026-07-08,CRITICAL_CARE,10.68.102.34
D0032,Infusion Pump,Smiths Medical,INF-568,EMERGENCY,1.3,CRITICAL_CARE,High,SM51441,2020-01-15,2025-10-16,2026-06-02,CRITICAL_CARE,10.19.138.55
D0033,Infusion Pump,Fresenius,INF-371,ONCOLOGY,1.1,CRITICAL_CARE,High,FR27361,2022-02-08,2025-12-05,2026-07-19,CLINICAL,10.41.113.214
D0034,Infusion Pump,Fresenius,INF-820,ONCOLOGY,1.1,CRITICAL_CARE,High,FR49651,2024-11-17,2026-03-07,2026-09-26,CLINICAL,10.77.239.170
D0035,Infusion Pump,Baxter,INF-999,ONCOLOGY,1.1,CRITICAL_CARE,High,BA27601,2022-02-04,2025-10-19,2026-06-16,CLINICAL,10.70.73.155
D0036,Infusion Pump,BD Alaris,INF-834,ONCOLOGY,1.1,CRITICAL_CARE,High,BD54942,2021-11-21,2026-01-01,2026-09-14,CLINICAL,10.126.65.232
D0037,Infusion Pump,Baxter,INF-194,ONCOLOGY,1.1,CRITICAL_CARE,High,BA93136,2023-05-02,2026-03-09,2026-08-01,CLINICAL,10.198.34.164
D0038,Infusion Pump,Smiths Medical,INF-265,ONCOLOGY,1.1,CRITICAL_CARE,High,SM67912,2024-12-14,2025-10-17,2026-05-10,CLINICAL,10.29.20.242
D0039,Infusion Pump,BD Alaris,INF-658,ONCOLOGY,1.1,CRITICAL_CARE,High,BD14722,2022-10-18,2026-01-31,2026-08-26,CLINICAL,10.33.11.79
D0040,Infusion Pump,Smiths Medical,INF-915,PEDIATRICS,1.2,CRITICAL_CARE,High,SM15229,2022-04-22,2026-01-05,2026-06-03,CLINICAL,10.91.200.144
D0041,Infusion Pump,ICU Medical,INF-735,PEDIATRICS,1.2,CRITICAL_CARE,High,IC30257,2021-03-26,2026-01-23,2026-08-21,CLINICAL,10.7.46.189
D0042,Infusion Pump,Smiths Medical,INF-901,PEDIATRICS,1.2,CRITICAL_CARE,High,SM63964,2021-05-06,2026-02-10,2026-08-13,CLINICAL,10.224.10.220
D0043,Infusion Pump,ICU Medical,INF-327,PEDIATRICS,1.2,CRITICAL_CARE,High,IC36158,2023-06-10,2026-01-10,2026-07-04,CLINICAL,10.7.169.50
D0044,Infusion Pump,ICU Medical,INF-436,PEDIATRICS,1.2,CRITICAL_CARE,High,IC46517,2020-05-12,2025-10-30,2026-08-18,CLINICAL,10.174.252.216
D0045,Infusion Pump,Fresenius,INF-439,PEDIATRICS,1.2,CRITICAL_CARE,High,FR13617,2020-05-06,2025-10-12,2026-07-14,CLINICAL,10.10.28.153
D0046,Infusion Pump,ICU Medical,INF-453,PEDIATRICS,1.2,CRITICAL_CARE,High,IC51114,2023-10-17,2026-02-08,2026-08-14,CLINICAL,10.231.148.49
D0047,Infusion Pump,Smiths Medical,INF-145,PEDIATRICS,1.2,CRITICAL_CARE,High,SM67154,2020-09-26,2025-10-23,2026-06-27,CLINICAL,10.94.111.18
D0048,Infusion Pump,Smiths Medical,INF-738,PEDIATRICS,1.2,CRITICAL_CARE,High,SM51145,2020-12-10,2025-10-31,2026-07-26,CLINICAL,10.171.105.84
D0049,Infusion Pump,ICU Medical,INF-813,PEDIATRICS,1.2,CRITICAL_CARE,High,IC48752,2024-03-07,2025-11-22,2026-08-13,CLINICAL,10.174.192.232
D0050,Infusion Pump,BD Alaris,INF-730,PEDIATRICS,1.2,CRITICAL_CARE,High,BD84593,2022-07-18,2026-03-09,2026-07-24,CLINICAL,10.74.54.111
D0051,Infusion Pump,Fresenius,INF-721,CARDIOLOGY,1.2,CRITICAL_CARE,High,FR95813,2022-08-15,2025-11-16,2026-07-01,CRITICAL_CARE,10.131.122.204
D0052,Infusion Pump,BD Alaris,INF-774,CARDIOLOGY,1.2,CRITICAL_CARE,High,BD21114,2022-09-22,2025-12-14,2026-05-31,CRITICAL_CARE,10.210.244.193
D0053,Infusion Pump,BD Alaris,INF-788,CARDIOLOGY,1.2,CRITICAL_CARE,High,BD50687,2021-04-05,2026-03-03,2026-05-19,CRITICAL_CARE,10.63.252.122
D0054,Infusion Pump,Fresenius,INF-970,CARDIOLOGY,1.2,CRITICAL_CARE,High,FR19545,2023-07-21,2025-10-13,2026-06-26,CRITICAL_CARE,10.184.179.99
D0055,Infusion Pump,ICU Medical,INF-509,CARDIOLOGY,1.2,CRITICAL_CARE,High,IC41979,2021-11-23,2026-03-08,2026-06-04,CRITICAL_CARE,10.200.109.57
D0056,Infusion Pump,BD Alaris,INF-923,CARDIOLOGY,1.2,CRITICAL_CARE,High,BD77889,2023-01-18,2026-01-05,2026-06-08,CRITICAL_CARE,10.117.35.206
D0057,Infusion Pump,ICU Medical,INF-783,CARDIOLOGY,1.2,CRITICAL_CARE,High,IC79616,2024-10-11,2025-11-16,2026-09-14,CRITICAL_CARE,10.110.213.233
D0058,Infusion Pump,Fresenius,INF-556,CARDIOLOGY,1.2,CRITICAL_CARE,High,FR30861,2023-08-09,2026-01-05,2026-07-17,CRITICAL_CARE,10.197.200.134
D0059,Infusion Pump,ICU Medical,INF-741,CARDIOLOGY,1.2,CRITICAL_CARE,High,IC41358,2022-08-03,2025-12-26,2026-07-07,CRITICAL_CARE,10.70.86.82
D0060,Patient Monitor,GE Healthcare,PAT-379,ICU,1.5,MONITORING,High,GE67125,2023-01-13,2025-12-13,2026-08-19,CRITICAL_CARE,10.186.43.216
D0061,Patient Monitor,Nihon Kohden,PAT-230,ICU,1.5,MONITORING,High,NI91560,2024-01-13,2025-10-16,2026-05-14,CRITICAL_CARE,10.22.165.110
D0062,Patient Monitor,GE Healthcare,PAT-987,ICU,1.5,MONITORING,High,GE70515,2021-01-09,2025-12-02,2026-07-30,CRITICAL_CARE,10.55.117.84
D0063,Patient Monitor,Mindray,PAT-879,ICU,1.5,MONITORING,High,MI59692,2022-07-09,2026-02-17,2026-09-05,CRITICAL_CARE,10.5.192.139
D0064,Patient Monitor,Philips,PAT-458,ICU,1.5,MONITORING,High,PH39389,2020-11-02,2026-03-02,2026-07-10,CRITICAL_CARE,10.52.215.6
D0065,Patient Monitor,Draeger,PAT-256,ICU,1.5,MONITORING,High,DR41266,2021-08-22,2026-02-08,2026-09-29,CRITICAL_CARE,10.243.56.120
D0066,Patient Monitor,Mindray,PAT-885,ICU,1.5,MONITORING,High,MI58351,2021-10-20,2026-02-08,2026-06-18,CRITICAL_CARE,10.247.80.28
D0067,Patient Monitor,Draeger,PAT-126,ICU,1.5,MONITORING,High,DR50888,2024-11-13,2025-11-28,2026-06-27,CRITICAL_CARE,10.20.152.177
D0068,Patient Monitor,GE Healthcare,PAT-204,ICU,1.5,MONITORING,High,GE49529,2024-02-26,2025-10-16,2026-05-18,CRITICAL_CARE,10.89.137.110
D0069,Patient Monitor,Mindray,PAT-170,ICU,1.5,MONITORING,High,MI76317,2022-01-28,2025-11-22,2026-09-10,CRITICAL_CARE,10.28.111.246
D0070,Patient Monitor,Mindray,PAT-750,ICU,1.5,MONITORING,High,MI70258,2021-07-06,2025-10-27,2026-07-16,CRITICAL_CARE,10.158.207.236
D0071,Patient Monitor,Draeger,PAT-893,ICU,1.5,MONITORING,High,DR73372,2023-07-27,2025-12-31,2026-07-29,CRITICAL_CARE,10.219.63.213
D0072,Patient Monitor,Philips,PAT-385,ICU,1.5,MONITORING,High,PH69087,2021-08-19,2025-12-02,2026-08-02,CRITICAL_CARE,10.8.127.218
D0073,Patient Monitor,Mindray,PAT-286,ICU,1.5,MONITORING,High,MI73904,2021-06-26,2026-01-02,2026-08-03,CRITICAL_CARE,10.72.226.153
D0074,Patient Monitor,Mindray,PAT-669,ICU,1.5,MONITORING,High,MI11330,2024-04-03,2026-01-07,2026-08-20,CRITICAL_CARE,10.126.143.195
D0075,Patient Monitor,GE Healthcare,PAT-807,GENERAL_WARD,1.0,MONITORING,High,GE72402,2023-08-26,2026-03-05,2026-05-31,GENERAL,10.76.57.104
D0076,Patient Monitor,GE Healthcare,PAT-413,GENERAL_WARD,1.0,MONITORING,High,GE97026,2024-06-16,2025-10-19,2026-09-20,GENERAL,10.89.109.191
D0077,Patient Monitor,Draeger,PAT-438,GENERAL_WARD,1.0,MONITORING,High,DR56112,2023-05-10,2026-01-04,2026-07-06,GENERAL,10.31.185.50
D0078,Patient Monitor,Mindray,PAT-222,GENERAL_WARD,1.0,MONITORING,High,MI80236,2021-04-07,2025-11-06,2026-07-17,GENERAL,10.186.151.251
D0079,Patient Monitor,Draeger,PAT-711,GENERAL_WARD,1.0,MONITORING,High,DR47093,2020-04-10,2026-01-10,2026-08-08,GENERAL,10.46.78.4
D0080,Patient Monitor,Draeger,PAT-229,GENERAL_WARD,1.0,MONITORING,High,DR45954,2020-01-18,2025-12-25,2026-06-09,GENERAL,10.164.223.193
D0081,Patient Monitor,Nihon Kohden,PAT-205,GENERAL_WARD,1.0,MONITORING,High,NI11607,2024-05-16,2025-11-07,2026-08-28,GENERAL,10.88.48.248
D0082,Patient Monitor,Philips,PAT-358,GENERAL_WARD,1.0,MONITORING,High,PH72616,2020-02-13,2025-11-04,2026-05-26,GENERAL,10.148.162.176
D0083,Patient Monitor,Philips,PAT-255,GENERAL_WARD,1.0,MONITORING,High,PH29555,2024-05-03,2026-01-05,2026-06-07,GENERAL,10.143.196.107
D0084,Patient Monitor,Draeger,PAT-710,GENERAL_WARD,1.0,MONITORING,High,DR91057,2021-09-13,2025-11-14,2026-08-29,GENERAL,10.77.221.151
D0085,Patient Monitor,Nihon Kohden,PAT-412,GENERAL_WARD,1.0,MONITORING,High,NI84531,2024-01-20,2026-02-12,2026-06-30,GENERAL,10.161.55.68
D0086,Patient Monitor,Philips,PAT-260,GENERAL_WARD,1.0,MONITORING,High,PH41439,2021-09-03,2026-01-28,2026-05-08,GENERAL,10.105.116.177
D0087,Patient Monitor,Draeger,PAT-581,GENERAL_WARD,1.0,MONITORING,High,DR48175,2020-04-10,2025-12-27,2026-09-01,GENERAL,10.19.176.60
D0088,Patient Monitor,Mindray,PAT-906,GENERAL_WARD,1.0,MONITORING,High,MI91927,2024-11-26,2026-01-18,2026-08-24,GENERAL,10.30.140.58
D0089,Patient Monitor,GE Healthcare,PAT-372,EMERGENCY,1.3,MONITORING,High,GE28643,2020-01-06,2025-12-21,2026-09-30,CRITICAL_CARE,10.236.74.113
D0090,Patient Monitor,Philips,PAT-579,EMERGENCY,1.3,MONITORING,High,PH49857,2023-05-17,2025-10-22,2026-09-11,CRITICAL_CARE,10.113.21.154
D0091,Patient Monitor,Philips,PAT-542,EMERGENCY,1.3,MONITORING,High,PH52247,2024-05-01,2026-02-14,2026-07-05,CRITICAL_CARE,10.247.173.215
D0092,Patient Monitor,Draeger,PAT-701,EMERGENCY,1.3,MONITORING,High,DR12719,2022-10-02,2026-01-24,2026-09-05,CRITICAL_CARE,10.133.167.114
D0093,Patient Monitor,Mindray,PAT-285,EMERGENCY,1.3,MONITORING,High,MI86720,2023-11-27,2025-11-04,2026-05-31,CRITICAL_CARE,10.121.90.105
D0094,Patient Monitor,Mindray,PAT-428,EMERGENCY,1.3,MONITORING,High,MI97835,2020-03-11,2025-11-24,2026-09-11,CRITICAL_CARE,10.74.170.242
D0095,Patient Monitor,Nihon Kohden,PAT-933,EMERGENCY,1.3,MONITORING,High,NI82102,2020-08-03,2025-12-19,2026-07-11,CRITICAL_CARE,10.83.30.249
D0096,Patient Monitor,Nihon Kohden,PAT-985,EMERGENCY,1.3,MONITORING,High,NI77449,2020-11-28,2025-10-22,2026-09-03,CRITICAL_CARE,10.106.14.49
D0097,Patient Monitor,Draeger,PAT-470,RADIOLOGY,1.2,MONITORING,High,DR91609,2023-11-15,2026-02-24,2026-06-29,CLINICAL,10.69.141.34
D0098,Patient Monitor,Mindray,PAT-548,RADIOLOGY,1.2,MONITORING,High,MI73532,2020-01-21,2026-01-07,2026-06-17,CLINICAL,10.80.142.4
D0099,Patient Monitor,Draeger,PAT-517,RADIOLOGY,1.2,MONITORING,High,DR22217,2021-02-15,2026-02-07,2026-06-16,CLINICAL,10.128.239.184
D0100,Patient Monitor,Mindray,PAT-621,RADIOLOGY,1.2,MONITORING,High,MI45838,2023-08-16,2026-01-06,2026-09-01,CLINICAL,10.142.38.99
D0101,Patient Monitor,GE Healthcare,PAT-713,RADIOLOGY,1.2,MONITORING,High,GE76616,2021-02-09,2025-11-23,2026-08-03,CLINICAL,10.240.202.130
D0102,Patient Monitor,Mindray,PAT-940,RADIOLOGY,1.2,MONITORING,High,MI10336,2022-12-10,2025-10-10,2026-10-03,CLINICAL,10.169.126.222
D0103,Patient Monitor,GE Healthcare,PAT-557,RADIOLOGY,1.2,MONITORING,High,GE80592,2023-06-11,2025-10-19,2026-09-24,CLINICAL,10.97.117.239
D0104,Patient Monitor,Mindray,PAT-990,RADIOLOGY,1.2,MONITORING,High,MI34727,2021-10-13,2026-01-09,2026-08-21,CLINICAL,10.12.82.191
D0105,Patient Monitor,Nihon Kohden,PAT-822,RADIOLOGY,1.2,MONITORING,High,NI59968,2023-11-26,2026-01-30,2026-09-11,CLINICAL,10.247.10.33
D0106,Patient Monitor,Draeger,PAT-704,RADIOLOGY,1.2,MONITORING,High,DR53515,2020-08-04,2025-10-26,2026-09-01,CLINICAL,10.4.185.37
D0107,Patient Monitor,Nihon Kohden,PAT-991,CARDIOLOGY,1.2,MONITORING,High,NI95823,2021-02-16,2026-01-01,2026-08-02,CRITICAL_CARE,10.160.178.102
D0108,Patient Monitor,Philips,PAT-972,CARDIOLOGY,1.2,MONITORING,High,PH53065,2024-07-11,2025-11-05,2026-09-23,CRITICAL_CARE,10.10.159.18
D0109,Patient Monitor,GE Healthcare,PAT-746,CARDIOLOGY,1.2,MONITORING,High,GE99705,2022-04-24,2026-02-14,2026-08-27,CRITICAL_CARE,10.251.26.195
D0110,Patient Monitor,Philips,PAT-554,CARDIOLOGY,1.2,MONITORING,High,PH31805,2022-01-02,2025-12-16,2026-05-22,CRITICAL_CARE,10.76.92.96
D0111,Patient Monitor,Nihon Kohden,PAT-249,CARDIOLOGY,1.2,MONITORING,High,NI42007,2024-07-19,2026-01-22,2026-06-20,CRITICAL_CARE,10.45.21.157
D0112,Patient Monitor,Nihon Kohden,PAT-734,CARDIOLOGY,1.2,MONITORING,High,NI99539,2021-08-19,2026-02-01,2026-07-06,CRITICAL_CARE,10.119.164.66
D0113,Patient Monitor,Nihon Kohden,PAT-361,CARDIOLOGY,1.2,MONITORING,High,NI97404,2020-08-10,2025-10-21,2026-06-17,CRITICAL_CARE,10.19.114.242
D0114,Patient Monitor,Mindray,PAT-701,CARDIOLOGY,1.2,MONITORING,High,MI49210,2023-12-09,2025-11-13,2026-07-24,CRITICAL_CARE,10.51.99.219
D0115,Patient Monitor,Nihon Kohden,PAT-209,CARDIOLOGY,1.2,MONITORING,High,NI41091,2023-10-12,2025-10-13,2026-07-22,CRITICAL_CARE,10.255.180.76
D0116,Patient Monitor,Philips,PAT-949,NEUROLOGY,1.1,MONITORING,High,PH96275,2023-05-01,2025-10-16,2026-05-20,CLINICAL,10.234.156.191
D0117,Patient Monitor,Nihon Kohden,PAT-952,NEUROLOGY,1.1,MONITORING,High,NI47512,2021-10-26,2025-12-09,2026-07-03,CLINICAL,10.163.49.159
D0118,Patient Monitor,Mindray,PAT-794,NEUROLOGY,1.1,MONITORING,High,MI96400,2021-11-04,2026-02-27,2026-07-26,CLINICAL,10.202.113.9
D0119,Patient Monitor,Draeger,PAT-473,NEUROLOGY,1.1,MONITORING,High,DR27224,2020-05-11,2025-11-23,2026-06-21,CLINICAL,10.52.34.202
D0120,Patient Monitor,Draeger,PAT-997,NEUROLOGY,1.1,MONITORING,High,DR57953,2024-09-09,2026-01-26,2026-07-12,CLINICAL,10.234.212.242
D0121,Patient Monitor,Nihon Kohden,PAT-925,NEUROLOGY,1.1,MONITORING,High,NI48684,2022-02-15,2026-02-18,2026-06-13,CLINICAL,10.194.248.58
D0122,Patient Monitor,Nihon Kohden,PAT-966,NEUROLOGY,1.1,MONITORING,High,NI83048,2022-02-26,2025-11-28,2026-05-11,CLINICAL,10.68.138.32
D0123,Patient Monitor,Nihon Kohden,PAT-477,NEUROLOGY,1.1,MONITORING,High,NI98188,2022-10-13,2025-12-04,2026-06-04,CLINICAL,10.173.60.121
D0124,Patient Monitor,Philips,PAT-734,NEUROLOGY,1.1,MONITORING,High,PH83584,2022-10-08,2026-02-21,2026-09-03,CLINICAL,10.233.180.78
D0125,Patient Monitor,Nihon Kohden,PAT-219,NEUROLOGY,1.1,MONITORING,High,NI28320,2020-01-10,2025-11-03,2026-06-06,CLINICAL,10.25.61.228
D0126,Patient Monitor,Draeger,PAT-238,NEUROLOGY,1.1,MONITORING,High,DR60940,2023-06-22,2025-10-22,2026-08-23,CLINICAL,10.151.191.187
D0127,Patient Monitor,GE Healthcare,PAT-524,PEDIATRICS,1.2,MONITORING,High,GE95841,2020-08-20,2025-11-25,2026-07-18,CLINICAL,10.9.177.95
D0128,Patient Monitor,GE Healthcare,PAT-554,PEDIATRICS,1.2,MONITORING,High,GE68287,2021-06-04,2025-12-05,2026-09-24,CLINICAL,10.231.251.166
D0129,Patient Monitor,Mindray,PAT-162,PEDIATRICS,1.2,MONITORING,High,MI62184,2022-04-04,2025-11-13,2026-05-31,CLINICAL,10.170.55.165
D0130,Patient Monitor,Draeger,PAT-121,PEDIATRICS,1.2,MONITORING,High,DR16629,2022-04-05,2025-10-16,2026-06-29,CLINICAL,10.18.213.196
D0131,Patient Monitor,Draeger,PAT-312,PEDIATRICS,1.2,MONITORING,High,DR86858,2021-04-11,2026-01-31,2026-05-08,CLINICAL,10.71.220.252
D0132,Patient Monitor,GE Healthcare,PAT-233,PEDIATRICS,1.2,MONITORING,High,GE80807,2022-03-04,2026-03-03,2026-06-10,CLINICAL,10.4.92.203
D0133,Patient Monitor,GE Healthcare,PAT-702,PEDIATRICS,1.2,MONITORING,High,GE52437,2020-03-09,2026-02-24,2026-06-09,CLINICAL,10.190.108.135
D0134,Patient Monitor,Philips,PAT-863,PEDIATRICS,1.2,MONITORING,High,PH18330,2023-08-25,2025-12-07,2026-09-16,CLINICAL,10.152.28.116
D0135,Patient Monitor,Draeger,PAT-326,PEDIATRICS,1.2,MONITORING,High,DR90623,2020-12-26,2025-10-27,2026-07-24,CLINICAL,10.118.165.247
D0136,Patient Monitor,Philips,PAT-162,PEDIATRICS,1.2,MONITORING,High,PH72781,2023-07-22,2026-02-10,2026-09-10,CLINICAL,10.183.233.114
D0137,Patient Monitor,Philips,PAT-182,PEDIATRICS,1.2,MONITORING,High,PH52219,2024-03-03,2026-02-05,2026-07-17,CLINICAL,10.160.163.150
D0138,Defibrillator,Cardiac Science,DEF-201,ICU,1.5,LIFE_SUPPORT,High,CA24996,2024-12-28,2026-01-13,2026-08-26,CRITICAL_CARE,10.116.228.59
D0139,Defibrillator,Cardiac Science,DEF-447,ICU,1.5,LIFE_SUPPORT,High,CA69441,2023-07-24,2026-02-13,2026-07-27,CRITICAL_CARE,10.110.81.171
D0140,Defibrillator,Physio-Control,DEF-483,ICU,1.5,LIFE_SUPPORT,High,PH30006,2023-02-03,2026-02-16,2026-05-31,CRITICAL_CARE,10.111.25.191
D0141,Defibrillator,Physio-Control,DEF-931,ICU,1.5,LIFE_SUPPORT,High,PH27054,2024-01-19,2025-10-17,2026-09-28,CRITICAL_CARE,10.85.172.32
D0142,Defibrillator,Cardiac Science,DEF-462,ICU,1.5,LIFE_SUPPORT,High,CA97207,2023-12-02,2025-12-26,2026-07-26,CRITICAL_CARE,10.91.27.148
D0143,Defibrillator,Zoll,DEF-258,EMERGENCY,1.3,LIFE_SUPPORT,High,ZO96079,2023-04-28,2026-02-10,2026-08-05,CRITICAL_CARE,10.217.143.95
D0144,Defibrillator,Philips,DEF-880,EMERGENCY,1.3,LIFE_SUPPORT,High,PH46512,2024-04-26,2025-11-20,2026-09-28,CRITICAL_CARE,10.250.197.210
D0145,Defibrillator,Philips,DEF-723,EMERGENCY,1.3,LIFE_SUPPORT,High,PH96223,2022-01-06,2025-12-30,2026-07-26,CRITICAL_CARE,10.236.87.90
D0146,Defibrillator,Philips,DEF-285,EMERGENCY,1.3,LIFE_SUPPORT,High,PH28776,2024-11-13,2026-02-20,2026-06-13,CRITICAL_CARE,10.190.163.249
D0147,Defibrillator,Philips,DEF-193,OPERATING_THEATRE,1.4,LIFE_SUPPORT,High,PH79531,2021-07-14,2025-11-13,2026-08-03,CRITICAL_CARE,10.41.95.80
D0148,Defibrillator,Physio-Control,DEF-895,OPERATING_THEATRE,1.4,LIFE_SUPPORT,High,PH84395,2024-02-02,2026-01-29,2026-06-17,CRITICAL_CARE,10.194.159.13
D0149,Defibrillator,Philips,DEF-378,OPERATING_THEATRE,1.4,LIFE_SUPPORT,High,PH68079,2023-08-20,2025-11-16,2026-08-22,CRITICAL_CARE,10.70.56.194
D0150,Defibrillator,Philips,DEF-453,OPERATING_THEATRE,1.4,LIFE_SUPPORT,High,PH66349,2020-05-22,2025-11-05,2026-09-19,CRITICAL_CARE,10.171.79.12
D0151,Defibrillator,Zoll,DEF-504,OPERATING_THEATRE,1.4,LIFE_SUPPORT,High,ZO88554,2020-01-07,2025-12-22,2026-07-01,CRITICAL_CARE,10.197.36.196
D0152,Defibrillator,Physio-Control,DEF-396,CARDIOLOGY,1.2,LIFE_SUPPORT,High,PH53007,2020-01-16,2025-11-19,2026-06-21,CRITICAL_CARE,10.34.98.137
D0153,Defibrillator,Zoll,DEF-612,CARDIOLOGY,1.2,LIFE_SUPPORT,High,ZO83233,2022-02-13,2026-02-27,2026-08-27,CRITICAL_CARE,10.5.118.236
D0154,Defibrillator,Philips,DEF-982,CARDIOLOGY,1.2,LIFE_SUPPORT,High,PH51033,2024-07-19,2025-11-26,2026-08-22,CRITICAL_CARE,10.75.30.104
D0155,Defibrillator,Philips,DEF-432,CARDIOLOGY,1.2,LIFE_SUPPORT,High,PH32527,2024-08-27,2025-12-07,2026-05-30,CRITICAL_CARE,10.112.217.28
D0156,Defibrillator,Zoll,DEF-546,CARDIOLOGY,1.2,LIFE_SUPPORT,High,ZO87184,2023-09-03,2025-11-28,2026-07-26,CRITICAL_CARE,10.191.87.57
D0157,Defibrillator,Physio-Control,DEF-897,CARDIOLOGY,1.2,LIFE_SUPPORT,High,PH32037,2020-09-21,2026-02-08,2026-09-20,CRITICAL_CARE,10.131.50.232
D0158,Defibrillator,Physio-Control,DEF-459,GENERAL_WARD,1.0,LIFE_SUPPORT,High,PH94599,2021-04-04,2026-01-31,2026-07-12,GENERAL,10.51.45.155
D0159,Defibrillator,Zoll,DEF-878,GENERAL_WARD,1.0,LIFE_SUPPORT,High,ZO95918,2020-03-25,2025-11-03,2026-09-03,GENERAL,10.194.145.195
D0160,Defibrillator,Cardiac Science,DEF-797,GENERAL_WARD,1.0,LIFE_SUPPORT,High,CA83989,2024-06-28,2025-12-19,2026-06-15,GENERAL,10.113.18.121
D0161,Dialysis Machine,NxStage,DIA-572,ICU,1.5,LIFE_SUPPORT,High,NX69233,2020-01-12,2025-12-26,2026-05-27,CRITICAL_CARE,10.166.222.251
D0162,Dialysis Machine,Fresenius,DIA-729,ICU,1.5,LIFE_SUPPORT,High,FR87867,2024-07-15,2025-10-12,2026-09-26,CRITICAL_CARE,10.245.203.190
D0163,Dialysis Machine,Fresenius,DIA-560,ICU,1.5,LIFE_SUPPORT,High,FR84928,2021-06-20,2025-11-08,2026-09-13,CRITICAL_CARE,10.39.246.16
D0164,Dialysis Machine,B.Braun,DIA-205,ICU,1.5,LIFE_SUPPORT,High,B.55015,2020-09-21,2026-01-24,2026-05-18,CRITICAL_CARE,10.64.182.113
D0165,Dialysis Machine,B.Braun,DIA-636,ICU,1.5,LIFE_SUPPORT,High,B.78517,2024-03-12,2025-12-04,2026-07-19,CRITICAL_CARE,10.100.105.199
D0166,Dialysis Machine,NxStage,DIA-795,ICU,1.5,LIFE_SUPPORT,High,NX88366,2020-11-21,2025-12-14,2026-05-24,CRITICAL_CARE,10.85.25.143
D0167,Dialysis Machine,B.Braun,DIA-390,ICU,1.5,LIFE_SUPPORT,High,B.43029,2024-03-11,2026-02-17,2026-10-04,CRITICAL_CARE,10.170.37.235
D0168,Dialysis Machine,NxStage,DIA-417,ICU,1.5,LIFE_SUPPORT,High,NX95990,2023-03-20,2026-02-16,2026-07-26,CRITICAL_CARE,10.144.97.165
D0169,Dialysis Machine,NxStage,DIA-932,ICU,1.5,LIFE_SUPPORT,High,NX26750,2024-02-21,2025-11-21,2026-09-15,CRITICAL_CARE,10.93.5.93
D0170,Dialysis Machine,NxStage,DIA-284,NEPHROLOGY,1.0,LIFE_SUPPORT,High,NX38074,2022-08-07,2026-01-11,2026-06-12,GENERAL,10.40.20.76
D0171,Dialysis Machine,Fresenius,DIA-619,NEPHROLOGY,1.0,LIFE_SUPPORT,High,FR80748,2024-01-22,2025-12-13,2026-06-10,GENERAL,10.153.97.40
D0172,Dialysis Machine,Baxter,DIA-285,NEPHROLOGY,1.0,LIFE_SUPPORT,High,BA91885,2021-12-15,2026-02-26,2026-08-21,GENERAL,10.94.174.185
D0173,Dialysis Machine,Baxter,DIA-554,NEPHROLOGY,1.0,LIFE_SUPPORT,High,BA90031,2022-12-26,2025-11-15,2026-07-06,GENERAL,10.137.62.80
D0174,Dialysis Machine,B.Braun,DIA-955,GENERAL_WARD,1.0,LIFE_SUPPORT,High,B.35430,2022-11-19,2025-11-17,2026-09-03,GENERAL,10.197.73.200
D0175,Dialysis Machine,B.Braun,DIA-614,GENERAL_WARD,1.0,LIFE_SUPPORT,High,B.79135,2023-03-27,2026-01-17,2026-06-12,GENERAL,10.224.65.14
D0176,Dialysis Machine,B.Braun,DIA-995,GENERAL_WARD,1.0,LIFE_SUPPORT,High,B.58655,2024-02-23,2025-10-28,2026-06-08,GENERAL,10.73.22.196
D0177,Dialysis Machine,Baxter,DIA-379,GENERAL_WARD,1.0,LIFE_SUPPORT,High,BA68893,2024-03-27,2025-11-18,2026-05-31,GENERAL,10.243.234.57
D0178,CT Scanner,Philips,CT -614,RADIOLOGY,1.2,DIAGNOSTIC,Medium,PH59015,2021-07-03,2025-12-04,2026-07-04,CLINICAL,10.8.82.239
D0179,CT Scanner,Siemens,CT -959,RADIOLOGY,1.2,DIAGNOSTIC,Medium,SI95191,2022-03-05,2026-02-28,2026-07-20,CLINICAL,10.235.213.121
D0180,CT Scanner,GE Healthcare,CT -877,RADIOLOGY,1.2,DIAGNOSTIC,Medium,GE71487,2023-10-01,2026-02-17,2026-05-12,CLINICAL,10.66.56.214
D0181,CT Scanner,GE Healthcare,CT -661,RADIOLOGY,1.2,DIAGNOSTIC,Medium,GE89807,2024-07-04,2025-12-26,2026-07-07,CLINICAL,10.78.32.13
D0182,CT Scanner,GE Healthcare,CT -529,EMERGENCY,1.3,DIAGNOSTIC,Medium,GE93748,2024-08-03,2026-02-09,2026-09-12,CRITICAL_CARE,10.153.138.5
D0183,CT Scanner,GE Healthcare,CT -835,EMERGENCY,1.3,DIAGNOSTIC,Medium,GE28818,2022-07-01,2025-12-09,2026-07-08,CRITICAL_CARE,10.147.107.48
D0184,MRI Scanner,Philips,MRI-169,RADIOLOGY,1.2,DIAGNOSTIC,Medium,PH78951,2024-09-26,2025-10-31,2026-09-26,CLINICAL,10.6.100.224
D0185,MRI Scanner,Canon,MRI-144,RADIOLOGY,1.2,DIAGNOSTIC,Medium,CA93318,2023-06-09,2026-03-05,2026-08-07,CLINICAL,10.202.18.89
D0186,MRI Scanner,GE Healthcare,MRI-850,RADIOLOGY,1.2,DIAGNOSTIC,Medium,GE96127,2020-10-24,2025-12-14,2026-06-11,CLINICAL,10.12.91.140
D0187,MRI Scanner,Philips,MRI-933,NEUROLOGY,1.1,DIAGNOSTIC,Medium,PH94252,2021-11-15,2025-11-07,2026-06-23,CLINICAL,10.208.35.17
D0188,Ultrasound,Canon,ULT-359,RADIOLOGY,1.2,DIAGNOSTIC,Medium,CA14799,2021-05-12,2026-02-25,2026-07-31,CLINICAL,10.70.32.205
D0189,Ultrasound,Siemens,ULT-547,RADIOLOGY,1.2,DIAGNOSTIC,Medium,SI62431,2023-07-11,2026-01-21,2026-09-12,CLINICAL,10.178.128.95
D0190,Ultrasound,Fujifilm,ULT-373,RADIOLOGY,1.2,DIAGNOSTIC,Medium,FU20828,2023-02-14,2026-01-22,2026-09-24,CLINICAL,10.76.83.27
D0191,Ultrasound,GE Healthcare,ULT-435,RADIOLOGY,1.2,DIAGNOSTIC,Medium,GE96628,2022-05-15,2025-11-20,2026-06-19,CLINICAL,10.177.114.90
D0192,Ultrasound,Canon,ULT-143,RADIOLOGY,1.2,DIAGNOSTIC,Medium,CA56210,2024-07-09,2026-02-23,2026-05-27,CLINICAL,10.172.164.104
D0193,Ultrasound,Siemens,ULT-625,EMERGENCY,1.3,DIAGNOSTIC,Medium,SI99051,2021-01-05,2025-11-17,2026-05-16,CRITICAL_CARE,10.33.18.61
D0194,Ultrasound,Siemens,ULT-470,EMERGENCY,1.3,DIAGNOSTIC,Medium,SI60181,2024-01-20,2026-01-29,2026-08-31,CRITICAL_CARE,10.243.95.96
D0195,Ultrasound,Canon,ULT-881,EMERGENCY,1.3,DIAGNOSTIC,Medium,CA20077,2024-03-17,2025-12-06,2026-08-17,CRITICAL_CARE,10.81.167.72
D0196,Ultrasound,Philips,ULT-216,EMERGENCY,1.3,DIAGNOSTIC,Medium,PH13396,2021-08-17,2025-11-30,2026-09-28,CRITICAL_CARE,10.31.68.199
D0197,Ultrasound,Siemens,ULT-820,EMERGENCY,1.3,DIAGNOSTIC,Medium,SI68493,2021-10-10,2025-11-04,2026-06-28,CRITICAL_CARE,10.32.35.219
D0198,Ultrasound,GE Healthcare,ULT-562,OBSTETRICS,1.0,DIAGNOSTIC,Medium,GE32630,2023-02-26,2025-12-18,2026-08-04,GENERAL,10.182.17.141
D0199,Ultrasound,Fujifilm,ULT-397,OBSTETRICS,1.0,DIAGNOSTIC,Medium,FU49315,2021-12-23,2026-01-24,2026-08-08,GENERAL,10.131.58.32
D0200,Ultrasound,Philips,ULT-911,OBSTETRICS,1.0,DIAGNOSTIC,Medium,PH28202,2021-08-01,2025-12-07,2026-09-26,GENERAL,10.147.95.120
D0201,Ultrasound,Fujifilm,ULT-232,OBSTETRICS,1.0,DIAGNOSTIC,Medium,FU90209,2020-02-10,2025-11-28,2026-09-07,GENERAL,10.135.106.197
D0202,Ultrasound,Canon,ULT-943,CARDIOLOGY,1.2,DIAGNOSTIC,Medium,CA85353,2020-03-11,2026-02-19,2026-08-31,CRITICAL_CARE,10.120.175.133
D0203,Ultrasound,Siemens,ULT-231,CARDIOLOGY,1.2,DIAGNOSTIC,Medium,SI82260,2024-03-25,2026-02-04,2026-08-26,CRITICAL_CARE,10.129.234.223
D0204,Ultrasound,GE Healthcare,ULT-951,CARDIOLOGY,1.2,DIAGNOSTIC,Medium,GE26274,2024-03-10,2026-01-26,2026-06-18,CRITICAL_CARE,10.83.240.182
D0205,X-Ray System,Carestream,X-R-381,RADIOLOGY,1.2,DIAGNOSTIC,Medium,CA26406,2022-10-18,2026-02-14,2026-09-13,CLINICAL,10.165.44.152
D0206,X-Ray System,Carestream,X-R-257,RADIOLOGY,1.2,DIAGNOSTIC,Medium,CA32439,2024-12-20,2025-12-13,2026-09-29,CLINICAL,10.11.212.222
D0207,X-Ray System,Siemens,X-R-183,RADIOLOGY,1.2,DIAGNOSTIC,Medium,SI15958,2024-05-21,2026-01-15,2026-10-01,CLINICAL,10.107.159.164
D0208,X-Ray System,Siemens,X-R-609,EMERGENCY,1.3,DIAGNOSTIC,Medium,SI92203,2024-05-21,2025-12-22,2026-09-08,CRITICAL_CARE,10.63.207.207
D0209,X-Ray System,Canon,X-R-404,EMERGENCY,1.3,DIAGNOSTIC,Medium,CA69446,2020-12-02,2026-01-28,2026-08-28,CRITICAL_CARE,10.107.124.119
D0210,X-Ray System,GE Healthcare,X-R-448,EMERGENCY,1.3,DIAGNOSTIC,Medium,GE89516,2021-06-28,2025-12-18,2026-08-04,CRITICAL_CARE,10.250.103.34
D0211,X-Ray System,Philips,X-R-627,EMERGENCY,1.3,DIAGNOSTIC,Medium,PH83616,2020-06-08,2025-11-10,2026-06-08,CRITICAL_CARE,10.69.116.64
D0212,X-Ray System,GE Healthcare,X-R-199,EMERGENCY,1.3,DIAGNOSTIC,Medium,GE16632,2022-07-28,2025-11-22,2026-07-10,CRITICAL_CARE,10.247.222.231
D0213,X-Ray System,GE Healthcare,X-R-933,OPERATING_THEATRE,1.4,DIAGNOSTIC,Medium,GE52917,2024-12-11,2026-01-20,2026-06-17,CRITICAL_CARE,10.128.255.132
D0214,X-Ray System,Canon,X-R-610,OPERATING_THEATRE,1.4,DIAGNOSTIC,Medium,CA50441,2023-01-03,2025-11-29,2026-09-14,CRITICAL_CARE,10.118.248.62
D0215,X-Ray System,GE Healthcare,X-R-697,OPERATING_THEATRE,1.4,DIAGNOSTIC,Medium,GE56254,2020-01-10,2025-11-03,2026-09-05,CRITICAL_CARE,10.74.138.3
D0216,PET-CT Scanner,Siemens,PET-370,RADIOLOGY,1.2,DIAGNOSTIC,Medium,SI57943,2023-06-02,2025-11-27,2026-05-21,CLINICAL,10.146.144.50
D0217,Linear Accelerator,Elekta,LIN-175,RADIOLOGY,1.2,THERAPEUTIC,Medium,EL60639,2024-08-25,2025-10-20,2026-07-18,CLINICAL,10.212.254.160
D0218,Linear Accelerator,Siemens,LIN-725,RADIOLOGY,1.2,THERAPEUTIC,Medium,SI25572,2021-02-13,2025-12-04,2026-08-02,CLINICAL,10.143.241.94
D0219,Anesthesia Machine,GE Healthcare,ANE-146,OPERATING_THEATRE,1.4,SURGICAL,High,GE15100,2021-12-11,2025-11-08,2026-09-17,CRITICAL_CARE,10.117.39.156
D0220,Anesthesia Machine,Draeger,ANE-435,OPERATING_THEATRE,1.4,SURGICAL,High,DR90356,2022-03-13,2025-12-23,2026-08-02,CRITICAL_CARE,10.130.213.131
D0221,Anesthesia Machine,Philips,ANE-825,OPERATING_THEATRE,1.4,SURGICAL,High,PH83783,2022-08-27,2026-03-05,2026-08-10,CRITICAL_CARE,10.85.173.29
D0222,Anesthesia Machine,Philips,ANE-697,OPERATING_THEATRE,1.4,SURGICAL,High,PH50327,2020-10-16,2026-01-01,2026-10-03,CRITICAL_CARE,10.148.59.185
D0223,Anesthesia Machine,GE Healthcare,ANE-697,OPERATING_THEATRE,1.4,SURGICAL,High,GE72973,2021-09-21,2025-12-02,2026-06-14,CRITICAL_CARE,10.211.175.63
D0224,Anesthesia Machine,GE Healthcare,ANE-686,OPERATING_THEATRE,1.4,SURGICAL,High,GE24404,2021-01-15,2025-12-19,2026-08-23,CRITICAL_CARE,10.39.106.177
D0225,Anesthesia Machine,Draeger,ANE-520,CATH_LAB,1.3,SURGICAL,High,DR75774,2024-08-28,2026-02-22,2026-06-12,CRITICAL_CARE,10.133.54.144
D0226,Anesthesia Machine,Mindray,ANE-778,CATH_LAB,1.3,SURGICAL,High,MI72701,2024-07-11,2026-01-24,2026-09-02,CRITICAL_CARE,10.234.137.88
D0227,Anesthesia Machine,Mindray,ANE-792,CATH_LAB,1.3,SURGICAL,High,MI99226,2022-10-16,2026-01-19,2026-07-10,CRITICAL_CARE,10.72.143.77
D0228,Anesthesia Machine,Draeger,ANE-404,CATH_LAB,1.3,SURGICAL,High,DR47880,2021-12-23,2025-11-04,2026-07-28,CRITICAL_CARE,10.123.90.144
D0229,Anesthesia Machine,Mindray,ANE-394,CATH_LAB,1.3,SURGICAL,High,MI25974,2024-11-18,2025-12-02,2026-08-17,CRITICAL_CARE,10.210.89.245
D0230,Anesthesia Machine,Draeger,ANE-397,CATH_LAB,1.3,SURGICAL,High,DR15513,2022-12-03,2025-12-11,2026-08-29,CRITICAL_CARE,10.168.66.192
D0231,Endoscopy System,Fujifilm,END-240,OPERATING_THEATRE,1.4,DIAGNOSTIC,Medium,FU24316,2024-12-19,2026-01-07,2026-07-09,CRITICAL_CARE,10.13.172.232
D0232,Endoscopy System,Pentax,END-753,OPERATING_THEATRE,1.4,DIAGNOSTIC,Medium,PE40518,2020-02-14,2025-12-15,2026-09-05,CRITICAL_CARE,10.26.175.198
D0233,Endoscopy System,Pentax,END-105,OPERATING_THEATRE,1.4,DIAGNOSTIC,Medium,PE82135,2021-07-21,2025-11-08,2026-09-07,CRITICAL_CARE,10.167.52.194
D0234,Endoscopy System,Fujifilm,END-428,OPERATING_THEATRE,1.4,DIAGNOSTIC,Medium,FU47409,2020-02-21,2025-10-14,2026-07-06,CRITICAL_CARE,10.137.190.186
D0235,Endoscopy System,Olympus,END-279,OPERATING_THEATRE,1.4,DIAGNOSTIC,Medium,OL64773,2021-01-27,2025-11-28,2026-09-11,CRITICAL_CARE,10.48.240.192
D0236,Endoscopy System,Fujifilm,END-997,GASTROENTEROLOGY,1.0,DIAGNOSTIC,Medium,FU14910,2020-05-19,2026-02-10,2026-08-01,GENERAL,10.73.117.254
D0237,Endoscopy System,Storz,END-237,GASTROENTEROLOGY,1.0,DIAGNOSTIC,Medium,ST76088,2023-05-07,2026-02-09,2026-07-31,GENERAL,10.42.188.118
D0238,Endoscopy System,Fujifilm,END-835,GASTROENTEROLOGY,1.0,DIAGNOSTIC,Medium,FU34405,2020-12-11,2025-12-24,2026-09-30,GENERAL,10.173.194.50
D0239,C-Arm,Ziehm,C-A-946,OPERATING_THEATRE,1.4,DIAGNOSTIC,Medium,ZI66059,2024-06-03,2025-11-27,2026-06-01,CRITICAL_CARE,10.48.252.36
D0240,C-Arm,Ziehm,C-A-431,OPERATING_THEATRE,1.4,DIAGNOSTIC,Medium,ZI42512,2020-05-13,2026-01-08,2026-08-30,CRITICAL_CARE,10.193.69.245
D0241,C-Arm,Philips,C-A-409,OPERATING_THEATRE,1.4,DIAGNOSTIC,Medium,PH86344,2024-01-09,2025-12-07,2026-07-07,CRITICAL_CARE,10.16.171.31
D0242,C-Arm,Ziehm,C-A-414,RADIOLOGY,1.2,DIAGNOSTIC,Medium,ZI30934,2023-11-17,2025-12-20,2026-06-07,CLINICAL,10.164.235.241
D0243,ECG Machine,Nihon Kohden,ECG-525,CARDIOLOGY,1.2,DIAGNOSTIC,Medium,NI81989,2023-09-26,2026-01-13,2026-07-10,CRITICAL_CARE,10.175.194.153
D0244,ECG Machine,GE Healthcare,ECG-638,CARDIOLOGY,1.2,DIAGNOSTIC,Medium,GE68556,2024-12-12,2026-02-18,2026-09-29,CRITICAL_CARE,10.29.16.213
D0245,ECG Machine,Philips,ECG-686,CARDIOLOGY,1.2,DIAGNOSTIC,Medium,PH80341,2021-03-11,2025-10-27,2026-08-29,CRITICAL_CARE,10.30.175.53
D0246,ECG Machine,Schiller,ECG-193,CARDIOLOGY,1.2,DIAGNOSTIC,Medium,SC76895,2023-01-15,2026-02-04,2026-09-16,CRITICAL_CARE,10.107.117.145
D0247,ECG Machine,GE Healthcare,ECG-672,EMERGENCY,1.3,DIAGNOSTIC,Medium,GE70604,2022-12-01,2025-11-28,2026-07-12,CRITICAL_CARE,10.210.1.191
D0248,ECG Machine,Philips,ECG-692,EMERGENCY,1.3,DIAGNOSTIC,Medium,PH19572,2020-07-12,2026-02-21,2026-09-23,CRITICAL_CARE,10.255.16.240
D0249,ECG Machine,GE Healthcare,ECG-583,EMERGENCY,1.3,DIAGNOSTIC,Medium,GE14159,2022-07-06,2026-02-03,2026-08-23,CRITICAL_CARE,10.96.255.229
D0250,ECG Machine,Schiller,ECG-559,EMERGENCY,1.3,DIAGNOSTIC,Medium,SC59479,2023-02-22,2025-10-22,2026-06-11,CRITICAL_CARE,10.168.221.90
D0251,ECG Machine,GE Healthcare,ECG-282,EMERGENCY,1.3,DIAGNOSTIC,Medium,GE80419,2023-09-05,2026-01-11,2026-05-08,CRITICAL_CARE,10.194.6.251
D0252,ECG Machine,Nihon Kohden,ECG-574,GENERAL_WARD,1.0,DIAGNOSTIC,Medium,NI98276,2024-07-18,2025-12-02,2026-07-05,GENERAL,10.64.118.89
D0253,ECG Machine,Philips,ECG-382,GENERAL_WARD,1.0,DIAGNOSTIC,Medium,PH34704,2020-01-26,2025-11-22,2026-05-12,GENERAL,10.62.53.18
D0254,ECG Machine,GE Healthcare,ECG-708,GENERAL_WARD,1.0,DIAGNOSTIC,Medium,GE14400,2023-10-22,2026-02-25,2026-07-09,GENERAL,10.190.12.103
D0255,Pacemaker Programmer,Boston Scientific,PAC-615,CARDIOLOGY,1.2,CRITICAL_CARE,High,BO47914,2021-12-19,2025-12-18,2026-10-02,CRITICAL_CARE,10.154.198.173
D0256,Pacemaker Programmer,Abbott,PAC-342,CARDIOLOGY,1.2,CRITICAL_CARE,High,AB49552,2021-11-17,2026-01-12,2026-08-21,CRITICAL_CARE,10.77.71.16
D0257,Pacemaker Programmer,Boston Scientific,PAC-741,CATH_LAB,1.3,CRITICAL_CARE,High,BO98965,2023-09-16,2026-02-25,2026-08-04,CRITICAL_CARE,10.242.165.172
D0258,Pacemaker Programmer,Biotronik,PAC-904,CATH_LAB,1.3,CRITICAL_CARE,High,BI78742,2022-12-14,2025-11-25,2026-06-15,CRITICAL_CARE,10.77.97.48
D0259,Pacemaker Programmer,Biotronik,PAC-346,CATH_LAB,1.3,CRITICAL_CARE,High,BI39536,2022-12-05,2025-11-11,2026-05-22,CRITICAL_CARE,10.144.106.248
D0260,Pacemaker Programmer,Biotronik,PAC-670,CATH_LAB,1.3,CRITICAL_CARE,High,BI79467,2021-07-08,2026-01-03,2026-06-29,CRITICAL_CARE,10.85.166.21
D0261,Fetal Monitor,GE Healthcare,FET-152,OBSTETRICS,1.0,MONITORING,Medium,GE45187,2023-11-20,2026-02-27,2026-05-26,GENERAL,10.49.206.195
D0262,Fetal Monitor,GE Healthcare,FET-590,OBSTETRICS,1.0,MONITORING,Medium,GE37379,2022-05-01,2026-01-14,2026-06-25,GENERAL,10.247.190.31
D0263,Fetal Monitor,Mindray,FET-348,OBSTETRICS,1.0,MONITORING,Medium,MI89220,2021-07-08,2025-10-19,2026-07-29,GENERAL,10.199.73.98
D0264,Fetal Monitor,Mindray,FET-646,OBSTETRICS,1.0,MONITORING,Medium,MI95029,2022-05-09,2025-12-07,2026-09-16,GENERAL,10.226.128.120
D0265,Fetal Monitor,Philips,FET-922,OBSTETRICS,1.0,MONITORING,Medium,PH71537,2022-04-12,2025-12-19,2026-08-21,GENERAL,10.12.145.222
D0266,Fetal Monitor,GE Healthcare,FET-859,PEDIATRICS,1.2,MONITORING,Medium,GE29126,2020-05-18,2025-10-11,2026-10-03,CLINICAL,10.185.107.76
D0267,Fetal Monitor,GE Healthcare,FET-300,PEDIATRICS,1.2,MONITORING,Medium,GE53236,2021-07-19,2026-01-06,2026-09-12,CLINICAL,10.141.168.242
D0268,Fetal Monitor,Hill-Rom,FET-363,PEDIATRICS,1.2,MONITORING,Medium,HI74044,2023-08-06,2025-12-09,2026-06-20,CLINICAL,10.36.185.140
D0269,Laboratory Analyzer,Roche,LAB-323,LABORATORY,1.0,DIAGNOSTIC,Medium,RO76287,2023-06-02,2025-11-06,2026-09-09,CLINICAL,10.5.2.137
D0270,Laboratory Analyzer,Sysmex,LAB-521,LABORATORY,1.0,DIAGNOSTIC,Medium,SY11553,2020-09-24,2025-12-29,2026-09-22,CLINICAL,10.251.74.5
D0271,Laboratory Analyzer,Sysmex,LAB-932,LABORATORY,1.0,DIAGNOSTIC,Medium,SY98346,2023-03-04,2026-02-13,2026-09-19,CLINICAL,10.39.62.50
D0272,Laboratory Analyzer,Sysmex,LAB-639,LABORATORY,1.0,DIAGNOSTIC,Medium,SY43084,2022-05-26,2025-11-28,2026-05-28,CLINICAL,10.96.246.104
D0273,Laboratory Analyzer,Beckman Coulter,LAB-678,LABORATORY,1.0,DIAGNOSTIC,Medium,BE41877,2021-05-22,2026-02-17,2026-05-16,CLINICAL,10.24.104.98
D0274,Laboratory Analyzer,Beckman Coulter,LAB-665,LABORATORY,1.0,DIAGNOSTIC,Medium,BE72390,2020-11-01,2026-01-25,2026-05-29,CLINICAL,10.128.217.112
D0275,Laboratory Analyzer,Siemens,LAB-679,LABORATORY,1.0,DIAGNOSTIC,Medium,SI22499,2024-01-08,2026-01-14,2026-09-30,CLINICAL,10.122.70.12
D0276,Laboratory Analyzer,Roche,LAB-800,LABORATORY,1.0,DIAGNOSTIC,Medium,RO46749,2024-10-22,2026-03-01,2026-06-22,CLINICAL,10.238.218.81
D0277,Laboratory Analyzer,Roche,LAB-312,LABORATORY,1.0,DIAGNOSTIC,Medium,RO86943,2021-12-27,2025-11-28,2026-05-27,CLINICAL,10.77.42.145
D0278,Laboratory Analyzer,Abbott,LAB-680,LABORATORY,1.0,DIAGNOSTIC,Medium,AB61007,2024-06-13,2026-02-02,2026-05-28,CLINICAL,10.129.191.250
D0279,Laboratory Analyzer,Siemens,LAB-154,LABORATORY,1.0,DIAGNOSTIC,Medium,SI22803,2023-04-27,2026-02-18,2026-08-03,CLINICAL,10.155.197.158
D0280,Laboratory Analyzer,Sysmex,LAB-506,LABORATORY,1.0,DIAGNOSTIC,Medium,SY52778,2020-11-09,2025-11-14,2026-09-10,CLINICAL,10.59.92.142
D0281,Laboratory Analyzer,Beckman Coulter,LAB-542,LABORATORY,1.0,DIAGNOSTIC,Medium,BE34345,2024-11-13,2026-02-16,2026-07-22,CLINICAL,10.205.64.183
D0282,Laboratory Analyzer,Roche,LAB-184,LABORATORY,1.0,DIAGNOSTIC,Medium,RO45123,2021-07-23,2026-01-29,2026-08-15,CLINICAL,10.82.93.28
D0283,Laboratory Analyzer,Roche,LAB-105,LABORATORY,1.0,DIAGNOSTIC,Medium,RO50405,2023-06-25,2025-12-30,2026-06-03,CLINICAL,10.34.23.48
D0284,Laboratory Analyzer,Beckman Coulter,LAB-559,LABORATORY,1.0,DIAGNOSTIC,Medium,BE83005,2024-09-14,2026-02-11,2026-05-14,CLINICAL,10.23.91.142
D0285,Laboratory Analyzer,Roche,LAB-711,LABORATORY,1.0,DIAGNOSTIC,Medium,RO88386,2022-07-01,2025-12-25,2026-08-21,CLINICAL,10.100.200.22
D0286,Laboratory Analyzer,Sysmex,LAB-348,LABORATORY,1.0,DIAGNOSTIC,Medium,SY84967,2024-03-22,2025-12-02,2026-06-20,CLINICAL,10.36.69.78
D0287,Laboratory Analyzer,Siemens,LAB-604,LABORATORY,1.0,DIAGNOSTIC,Medium,SI29127,2020-03-14,2025-12-29,2026-08-23,CLINICAL,10.77.124.201
D0288,Laboratory Analyzer,Roche,LAB-469,LABORATORY,1.0,DIAGNOSTIC,Medium,RO42990,2021-12-21,2025-11-03,2026-06-27,CLINICAL,10.118.28.35
D0289,Laboratory Analyzer,Siemens,LAB-106,LABORATORY,1.0,DIAGNOSTIC,Medium,SI61864,2022-10-13,2025-12-15,2026-08-28,CLINICAL,10.86.111.209
D0290,Laboratory Analyzer,Sysmex,LAB-239,LABORATORY,1.0,DIAGNOSTIC,Medium,SY49378,2022-10-23,2026-01-17,2026-09-07,CLINICAL,10.81.46.247
D0291,Laboratory Analyzer,Beckman Coulter,LAB-426,LABORATORY,1.0,DIAGNOSTIC,Medium,BE48200,2023-10-26,2026-01-06,2026-07-30,CLINICAL,10.97.72.210
D0292,Laboratory Analyzer,Beckman Coulter,LAB-473,LABORATORY,1.0,DIAGNOSTIC,Medium,BE24927,2024-04-19,2025-10-21,2026-06-23,CLINICAL,10.175.197.141
D0293,Laboratory Analyzer,Roche,LAB-844,LABORATORY,1.0,DIAGNOSTIC,Medium,RO70505,2021-08-26,2025-12-25,2026-05-25,CLINICAL,10.210.218.204
D0294,Laboratory Analyzer,Beckman Coulter,LAB-789,LABORATORY,1.0,DIAGNOSTIC,Medium,BE75444,2021-11-10,2026-01-07,2026-07-11,CLINICAL,10.169.40.184
D0295,Laboratory Analyzer,Beckman Coulter,LAB-908,LABORATORY,1.0,DIAGNOSTIC,Medium,BE59412,2020-08-20,2025-11-07,2026-10-04,CLINICAL,10.103.137.130
D0296,Laboratory Analyzer,Beckman Coulter,LAB-656,LABORATORY,1.0,DIAGNOSTIC,Medium,BE14818,2022-12-26,2025-10-23,2026-05-29,CLINICAL,10.28.197.64
D0297,Laboratory Analyzer,Siemens,LAB-270,LABORATORY,1.0,DIAGNOSTIC,Medium,SI94803,2024-01-19,2025-11-27,2026-07-31,CLINICAL,10.248.204.111
D0298,Laboratory Analyzer,Roche,LAB-110,LABORATORY,1.0,DIAGNOSTIC,Medium,RO22924,2022-04-17,2025-10-28,2026-09-27,CLINICAL,10.149.177.148
D0299,Blood Gas Analyzer,Radiometer,BLO-574,LABORATORY,1.0,DIAGNOSTIC,Medium,RA99070,2024-12-17,2026-01-30,2026-08-04,CLINICAL,10.7.124.27
D0300,Blood Gas Analyzer,Siemens,BLO-525,LABORATORY,1.0,DIAGNOSTIC,Medium,SI21253,2020-12-05,2025-12-10,2026-07-26,CLINICAL,10.88.117.201
D0301,Blood Gas Analyzer,Abbott,BLO-633,EMERGENCY,1.3,DIAGNOSTIC,Medium,AB73298,2022-08-04,2025-11-17,2026-08-31,CRITICAL_CARE,10.82.18.77
D0302,Blood Gas Analyzer,Roche,BLO-929,EMERGENCY,1.3,DIAGNOSTIC,Medium,RO25084,2020-06-21,2026-02-10,2026-06-19,CRITICAL_CARE,10.239.252.190
D0303,PACS Server,Siemens,PAC-665,RADIOLOGY,1.2,SUPPORT,Medium,SI30989,2022-09-14,2025-11-11,2026-07-06,CLINICAL,10.205.104.162
D0304,PACS Server,Siemens,PAC-290,RADIOLOGY,1.2,SUPPORT,Medium,SI93948,2023-07-01,2026-01-18,2026-08-31,CLINICAL,10.152.110.100
D0305,PACS Server,GE Healthcare,PAC-821,RADIOLOGY,1.2,SUPPORT,Medium,GE38153,2021-05-25,2026-02-21,2026-10-02,CLINICAL,10.27.205.224
D0306,EHR Workstation,Cerner,EHR-184,ADMIN,0.7,ADMINISTRATIVE,Low,CE84107,2020-04-10,2026-03-01,2026-07-17,ADMINISTRATIVE,10.58.138.74
D0307,EHR Workstation,Cerner,EHR-899,ADMIN,0.7,ADMINISTRATIVE,Low,CE69942,2024-12-25,2025-11-03,2026-09-25,ADMINISTRATIVE,10.131.29.147
D0308,EHR Workstation,Epic,EHR-374,ADMIN,0.7,ADMINISTRATIVE,Low,EP81186,2022-09-27,2026-02-27,2026-08-28,ADMINISTRATIVE,10.140.56.254
D0309,EHR Workstation,Meditech,EHR-204,ADMIN,0.7,ADMINISTRATIVE,Low,ME95678,2021-05-28,2026-03-01,2026-08-31,ADMINISTRATIVE,10.68.90.221
D0310,EHR Workstation,Epic,EHR-549,ADMIN,0.7,ADMINISTRATIVE,Low,EP25386,2021-04-26,2025-10-10,2026-08-05,ADMINISTRATIVE,10.221.182.157
D0311,EHR Workstation,Meditech,EHR-269,ADMIN,0.7,ADMINISTRATIVE,Low,ME90760,2021-04-27,2026-01-16,2026-05-23,ADMINISTRATIVE,10.146.90.137
D0312,EHR Workstation,Allscripts,EHR-711,ADMIN,0.7,ADMINISTRATIVE,Low,AL80617,2021-06-23,2025-12-25,2026-07-21,ADMINISTRATIVE,10.147.69.244
D0313,EHR Workstation,Athenahealth,EHR-795,ADMIN,0.7,ADMINISTRATIVE,Low,AT22481,2021-07-02,2025-12-29,2026-06-09,ADMINISTRATIVE,10.180.222.34
D0314,EHR Workstation,Cerner,EHR-249,ADMIN,0.7,ADMINISTRATIVE,Low,CE52217,2021-11-13,2025-11-04,2026-06-13,ADMINISTRATIVE,10.148.162.69
D0315,EHR Workstation,Meditech,EHR-484,ADMIN,0.7,ADMINISTRATIVE,Low,ME69243,2020-11-26,2026-02-14,2026-08-19,ADMINISTRATIVE,10.132.192.72
D0316,EHR Workstation,Allscripts,EHR-565,ADMIN,0.7,ADMINISTRATIVE,Low,AL73968,2022-10-01,2026-02-14,2026-09-02,ADMINISTRATIVE,10.163.171.179
D0317,EHR Workstation,Allscripts,EHR-970,ADMIN,0.7,ADMINISTRATIVE,Low,AL18300,2024-07-07,2025-11-20,2026-07-01,ADMINISTRATIVE,10.127.69.83
D0318,EHR Workstation,Allscripts,EHR-445,ADMIN,0.7,ADMINISTRATIVE,Low,AL81737,2024-03-19,2025-11-05,2026-08-03,ADMINISTRATIVE,10.229.175.196
D0319,EHR Workstation,Epic,EHR-147,ADMIN,0.7,ADMINISTRATIVE,Low,EP23051,2023-01-04,2026-01-28,2026-08-28,ADMINISTRATIVE,10.117.1.254
D0320,EHR Workstation,Meditech,EHR-307,ADMIN,0.7,ADMINISTRATIVE,Low,ME27290,2022-03-28,2025-12-29,2026-05-31,ADMINISTRATIVE,10.168.93.65
D0321,EHR Workstation,Epic,EHR-480,ADMIN,0.7,ADMINISTRATIVE,Low,EP97098,2021-01-13,2025-12-21,2026-07-06,ADMINISTRATIVE,10.110.168.24
D0322,EHR Workstation,Epic,EHR-101,ADMIN,0.7,ADMINISTRATIVE,Low,EP37973,2023-02-05,2026-01-11,2026-09-17,ADMINISTRATIVE,10.175.114.3
D0323,EHR Workstation,Epic,EHR-812,ADMIN,0.7,ADMINISTRATIVE,Low,EP55032,2020-07-23,2026-02-04,2026-09-07,ADMINISTRATIVE,10.19.59.99
D0324,EHR Workstation,Epic,EHR-848,ADMIN,0.7,ADMINISTRATIVE,Low,EP23425,2020-06-12,2025-12-23,2026-06-12,ADMINISTRATIVE,10.98.199.209
D0325,EHR Workstation,Cerner,EHR-756,ADMIN,0.7,ADMINISTRATIVE,Low,CE98753,2021-02-17,2025-10-16,2026-05-10,ADMINISTRATIVE,10.157.167.43
D0326,EHR Workstation,Meditech,EHR-459,ADMIN,0.7,ADMINISTRATIVE,Low,ME37925,2021-07-20,2025-11-16,2026-07-02,ADMINISTRATIVE,10.23.230.26
D0327,EHR Workstation,Cerner,EHR-870,ADMIN,0.7,ADMINISTRATIVE,Low,CE26142,2024-12-13,2025-12-10,2026-08-25,ADMINISTRATIVE,10.81.203.36
D0328,EHR Workstation,Cerner,EHR-383,ADMIN,0.7,ADMINISTRATIVE,Low,CE94491,2020-04-18,2025-12-27,2026-05-14,ADMINISTRATIVE,10.218.217.169
D0329,EHR Workstation,Allscripts,EHR-310,ADMIN,0.7,ADMINISTRATIVE,Low,AL77862,2024-09-07,2025-11-29,2026-07-22,ADMINISTRATIVE,10.166.14.201
D0330,EHR Workstation,Cerner,EHR-606,ADMIN,0.7,ADMINISTRATIVE,Low,CE60578,2020-04-16,2026-02-19,2026-09-20,ADMINISTRATIVE,10.228.251.4
D0331,EHR Workstation,Allscripts,EHR-424,ADMIN,0.7,ADMINISTRATIVE,Low,AL27299,2023-10-14,2025-12-06,2026-09-24,ADMINISTRATIVE,10.175.45.196
D0332,EHR Workstation,Meditech,EHR-888,ADMIN,0.7,ADMINISTRATIVE,Low,ME19567,2020-10-03,2026-03-06,2026-07-14,ADMINISTRATIVE,10.56.11.237
D0333,EHR Workstation,Epic,EHR-908,ADMIN,0.7,ADMINISTRATIVE,Low,EP62163,2024-05-21,2025-11-01,2026-08-22,ADMINISTRATIVE,10.109.180.103
D0334,EHR Workstation,Epic,EHR-755,ADMIN,0.7,ADMINISTRATIVE,Low,EP80328,2024-10-05,2025-12-28,2026-05-29,ADMINISTRATIVE,10.80.21.131
D0335,EHR Workstation,Cerner,EHR-927,ADMIN,0.7,ADMINISTRATIVE,Low,CE30365,2024-06-13,2025-10-10,2026-05-24,ADMINISTRATIVE,10.80.179.112
D0336,EHR Workstation,Cerner,EHR-159,ADMIN,0.7,ADMINISTRATIVE,Low,CE42044,2020-07-04,2025-11-13,2026-05-22,ADMINISTRATIVE,10.80.171.190
D0337,EHR Workstation,Cerner,EHR-222,ADMIN,0.7,ADMINISTRATIVE,Low,CE11660,2021-12-01,2026-01-27,2026-09-12,ADMINISTRATIVE,10.244.89.134
D0338,EHR Workstation,Athenahealth,EHR-901,ADMIN,0.7,ADMINISTRATIVE,Low,AT43980,2021-06-05,2025-12-31,2026-06-07,ADMINISTRATIVE,10.198.231.8
D0339,EHR Workstation,Allscripts,EHR-926,ADMIN,0.7,ADMINISTRATIVE,Low,AL66272,2022-09-03,2026-01-01,2026-10-02,ADMINISTRATIVE,10.161.20.128
D0340,EHR Workstation,Meditech,EHR-623,ADMIN,0.7,ADMINISTRATIVE,Low,ME57202,2020-08-28,2025-10-15,2026-06-19,ADMINISTRATIVE,10.95.41.66
D0341,EHR Workstation,Epic,EHR-687,ADMIN,0.7,ADMINISTRATIVE,Low,EP98358,2020-04-24,2025-10-30,2026-05-08,ADMINISTRATIVE,10.12.220.221
D0342,EHR Workstation,Epic,EHR-350,ADMIN,0.7,ADMINISTRATIVE,Low,EP16026,2023-06-13,2026-01-30,2026-06-22,ADMINISTRATIVE,10.239.246.220
D0343,EHR Workstation,Epic,EHR-666,ADMIN,0.7,ADMINISTRATIVE,Low,EP95944,2023-04-11,2026-01-05,2026-08-22,ADMINISTRATIVE,10.235.185.82
D0344,EHR Workstation,Allscripts,EHR-945,ADMIN,0.7,ADMINISTRATIVE,Low,AL20208,2024-06-04,2025-11-01,2026-05-21,ADMINISTRATIVE,10.46.58.206
D0345,EHR Workstation,Athenahealth,EHR-147,NURSE_STATION,0.9,ADMINISTRATIVE,Low,AT62550,2020-08-28,2025-12-27,2026-07-26,ADMINISTRATIVE,10.84.23.142
D0346,EHR Workstation,Meditech,EHR-108,NURSE_STATION,0.9,ADMINISTRATIVE,Low,ME58354,2021-05-19,2025-12-22,2026-07-09,ADMINISTRATIVE,10.119.95.152
D0347,EHR Workstation,Meditech,EHR-891,NURSE_STATION,0.9,ADMINISTRATIVE,Low,ME35614,2024-04-05,2026-03-08,2026-08-20,ADMINISTRATIVE,10.7.60.139
D0348,EHR Workstation,Allscripts,EHR-751,NURSE_STATION,0.9,ADMINISTRATIVE,Low,AL11257,2022-01-25,2025-12-03,2026-07-25,ADMINISTRATIVE,10.27.53.136
D0349,EHR Workstation,Cerner,EHR-529,NURSE_STATION,0.9,ADMINISTRATIVE,Low,CE74491,2020-03-23,2025-12-28,2026-05-31,ADMINISTRATIVE,10.12.236.60
D0350,EHR Workstation,Athenahealth,EHR-522,NURSE_STATION,0.9,ADMINISTRATIVE,Low,AT58823,2023-12-03,2025-10-12,2026-06-01,ADMINISTRATIVE,10.130.35.164
D0351,EHR Workstation,Meditech,EHR-176,NURSE_STATION,0.9,ADMINISTRATIVE,Low,ME87580,2024-01-14,2026-02-04,2026-07-07,ADMINISTRATIVE,10.75.67.218
D0352,EHR Workstation,Allscripts,EHR-920,NURSE_STATION,0.9,ADMINISTRATIVE,Low,AL61505,2022-06-15,2025-12-30,2026-07-06,ADMINISTRATIVE,10.20.242.52
D0353,EHR Workstation,Cerner,EHR-898,NURSE_STATION,0.9,ADMINISTRATIVE,Low,CE86638,2020-03-04,2026-01-26,2026-08-31,ADMINISTRATIVE,10.120.81.105
D0354,EHR Workstation,Epic,EHR-648,NURSE_STATION,0.9,ADMINISTRATIVE,Low,EP56961,2021-08-10,2025-11-11,2026-07-14,ADMINISTRATIVE,10.219.31.24
D0355,EHR Workstation,Cerner,EHR-926,NURSE_STATION,0.9,ADMINISTRATIVE,Low,CE99922,2022-12-23,2026-02-27,2026-07-02,ADMINISTRATIVE,10.214.220.84
D0356,EHR Workstation,Cerner,EHR-193,NURSE_STATION,0.9,ADMINISTRATIVE,Low,CE42534,2022-07-17,2026-02-25,2026-07-23,ADMINISTRATIVE,10.67.210.254
D0357,EHR Workstation,Cerner,EHR-131,NURSE_STATION,0.9,ADMINISTRATIVE,Low,CE63004,2023-09-24,2025-10-20,2026-07-10,ADMINISTRATIVE,10.25.119.27
D0358,EHR Workstation,Cerner,EHR-224,NURSE_STATION,0.9,ADMINISTRATIVE,Low,CE11567,2020-04-05,2026-01-18,2026-08-18,ADMINISTRATIVE,10.96.176.162
D0359,EHR Workstation,Epic,EHR-696,NURSE_STATION,0.9,ADMINISTRATIVE,Low,EP86823,2022-02-01,2026-02-21,2026-06-27,ADMINISTRATIVE,10.232.166.114
D0360,EHR Workstation,Cerner,EHR-194,NURSE_STATION,0.9,ADMINISTRATIVE,Low,CE53456,2020-01-15,2026-02-25,2026-06-20,ADMINISTRATIVE,10.237.147.111
D0361,EHR Workstation,Meditech,EHR-608,NURSE_STATION,0.9,ADMINISTRATIVE,Low,ME13864,2023-11-14,2026-01-24,2026-08-06,ADMINISTRATIVE,10.55.233.48
D0362,EHR Workstation,Allscripts,EHR-386,NURSE_STATION,0.9,ADMINISTRATIVE,Low,AL68459,2021-01-20,2026-01-06,2026-07-22,ADMINISTRATIVE,10.128.106.226
D0363,EHR Workstation,Athenahealth,EHR-590,NURSE_STATION,0.9,ADMINISTRATIVE,Low,AT17992,2020-05-13,2026-02-02,2026-08-23,ADMINISTRATIVE,10.52.165.227
D0364,EHR Workstation,Athenahealth,EHR-355,NURSE_STATION,0.9,ADMINISTRATIVE,Low,AT92674,2024-01-13,2025-12-08,2026-09-07,ADMINISTRATIVE,10.140.201.125
D0365,EHR Workstation,Allscripts,EHR-679,NURSE_STATION,0.9,ADMINISTRATIVE,Low,AL75849,2022-07-09,2026-01-22,2026-05-14,ADMINISTRATIVE,10.82.153.57
D0366,EHR Workstation,Epic,EHR-930,NURSE_STATION,0.9,ADMINISTRATIVE,Low,EP46822,2020-08-17,2025-12-08,2026-10-04,ADMINISTRATIVE,10.60.250.41
D0367,EHR Workstation,Epic,EHR-353,NURSE_STATION,0.9,ADMINISTRATIVE,Low,EP96096,2021-05-18,2026-02-23,2026-07-03,ADMINISTRATIVE,10.148.217.252
D0368,EHR Workstation,Meditech,EHR-463,NURSE_STATION,0.9,ADMINISTRATIVE,Low,ME32768,2021-04-19,2025-12-18,2026-08-07,ADMINISTRATIVE,10.234.152.8
D0369,EHR Workstation,Allscripts,EHR-681,NURSE_STATION,0.9,ADMINISTRATIVE,Low,AL83873,2021-10-07,2025-11-03,2026-09-23,ADMINISTRATIVE,10.80.45.126
D0370,EHR Workstation,Epic,EHR-192,NURSE_STATION,0.9,ADMINISTRATIVE,Low,EP17362,2021-10-08,2026-03-04,2026-09-19,ADMINISTRATIVE,10.123.1.85
D0371,EHR Workstation,Athenahealth,EHR-306,NURSE_STATION,0.9,ADMINISTRATIVE,Low,AT27103,2022-12-06,2025-12-17,2026-05-23,ADMINISTRATIVE,10.6.38.151
D0372,EHR Workstation,Cerner,EHR-892,NURSE_STATION,0.9,ADMINISTRATIVE,Low,CE24538,2024-06-03,2025-12-04,2026-08-17,ADMINISTRATIVE,10.151.26.87
D0373,EHR Workstation,Allscripts,EHR-430,NURSE_STATION,0.9,ADMINISTRATIVE,Low,AL27884,2021-12-14,2025-11-05,2026-07-28,ADMINISTRATIVE,10.45.182.248
D0374,EHR Workstation,Athenahealth,EHR-810,NURSE_STATION,0.9,ADMINISTRATIVE,Low,AT90440,2022-04-22,2025-10-10,2026-06-21,ADMINISTRATIVE,10.97.79.188
D0375,EHR Workstation,Allscripts,EHR-230,NURSE_STATION,0.9,ADMINISTRATIVE,Low,AL33292,2020-12-19,2025-11-29,2026-09-30,ADMINISTRATIVE,10.9.47.155
D0376,EHR Workstation,Allscripts,EHR-928,NURSE_STATION,0.9,ADMINISTRATIVE,Low,AL90134,2021-11-19,2026-02-11,2026-09-12,ADMINISTRATIVE,10.37.85.191
D0377,EHR Workstation,Epic,EHR-343,NURSE_STATION,0.9,ADMINISTRATIVE,Low,EP55457,2022-03-21,2026-02-15,2026-08-01,ADMINISTRATIVE,10.115.3.68
D0378,EHR Workstation,Cerner,EHR-355,NURSE_STATION,0.9,ADMINISTRATIVE,Low,CE18885,2022-05-26,2026-02-10,2026-05-08,ADMINISTRATIVE,10.13.99.113
D0379,EHR Workstation,Meditech,EHR-270,NURSE_STATION,0.9,ADMINISTRATIVE,Low,ME64266,2023-07-12,2025-10-21,2026-08-12,ADMINISTRATIVE,10.26.213.123
D0380,EHR Workstation,Athenahealth,EHR-766,NURSE_STATION,0.9,ADMINISTRATIVE,Low,AT39567,2021-08-03,2026-03-01,2026-07-22,ADMINISTRATIVE,10.6.82.67
D0381,EHR Workstation,Epic,EHR-175,NURSE_STATION,0.9,ADMINISTRATIVE,Low,EP54801,2021-07-06,2026-02-18,2026-09-25,ADMINISTRATIVE,10.242.230.251
D0382,EHR Workstation,Epic,EHR-446,NURSE_STATION,0.9,ADMINISTRATIVE,Low,EP87860,2024-08-23,2026-03-02,2026-08-26,ADMINISTRATIVE,10.242.168.43
D0383,EHR Workstation,Athenahealth,EHR-544,NURSE_STATION,0.9,ADMINISTRATIVE,Low,AT30591,2020-02-11,2026-01-16,2026-06-25,ADMINISTRATIVE,10.105.179.142
D0384,EHR Workstation,Athenahealth,EHR-371,NURSE_STATION,0.9,ADMINISTRATIVE,Low,AT96585,2022-05-08,2026-02-13,2026-05-20,ADMINISTRATIVE,10.101.147.141
D0385,EHR Workstation,Meditech,EHR-257,NURSE_STATION,0.9,ADMINISTRATIVE,Low,ME17144,2022-01-14,2026-02-15,2026-07-22,ADMINISTRATIVE,10.211.170.161
D0386,EHR Workstation,Athenahealth,EHR-591,NURSE_STATION,0.9,ADMINISTRATIVE,Low,AT36171,2020-01-07,2026-01-25,2026-07-21,ADMINISTRATIVE,10.251.21.122
D0387,EHR Workstation,Epic,EHR-415,NURSE_STATION,0.9,ADMINISTRATIVE,Low,EP62096,2023-08-22,2026-01-01,2026-05-31,ADMINISTRATIVE,10.165.140.100
D0388,EHR Workstation,Cerner,EHR-479,DOCTOR_OFFICE,0.8,ADMINISTRATIVE,Low,CE59996,2022-03-15,2026-02-26,2026-07-14,ADMINISTRATIVE,10.113.120.68
D0389,EHR Workstation,Cerner,EHR-957,DOCTOR_OFFICE,0.8,ADMINISTRATIVE,Low,CE45200,2024-01-05,2026-02-13,2026-05-29,ADMINISTRATIVE,10.172.89.207
D0390,EHR Workstation,Athenahealth,EHR-523,DOCTOR_OFFICE,0.8,ADMINISTRATIVE,Low,AT87296,2021-09-02,2025-11-30,2026-09-18,ADMINISTRATIVE,10.108.248.138
D0391,EHR Workstation,Meditech,EHR-686,DOCTOR_OFFICE,0.8,ADMINISTRATIVE,Low,ME40886,2023-05-03,2025-11-28,2026-05-16,ADMINISTRATIVE,10.129.147.231
D0392,EHR Workstation,Athenahealth,EHR-919,DOCTOR_OFFICE,0.8,ADMINISTRATIVE,Low,AT84905,2024-03-04,2025-11-15,2026-06-21,ADMINISTRATIVE,10.243.252.43
D0393,EHR Workstation,Cerner,EHR-927,DOCTOR_OFFICE,0.8,ADMINISTRATIVE,Low,CE35260,2021-01-14,2026-02-17,2026-08-27,ADMINISTRATIVE,10.52.211.161
D0394,EHR Workstation,Cerner,EHR-954,DOCTOR_OFFICE,0.8,ADMINISTRATIVE,Low,CE87994,2022-06-24,2026-02-20,2026-05-30,ADMINISTRATIVE,10.100.143.102
D0395,EHR Workstation,Athenahealth,EHR-433,DOCTOR_OFFICE,0.8,ADMINISTRATIVE,Low,AT46202,2024-08-28,2026-03-06,2026-10-05,ADMINISTRATIVE,10.134.201.108
D0396,EHR Workstation,Epic,EHR-524,DOCTOR_OFFICE,0.8,ADMINISTRATIVE,Low,EP29613,2021-10-19,2025-10-11,2026-06-02,ADMINISTRATIVE,10.237.28.145
D0397,EHR Workstation,Epic,EHR-904,DOCTOR_OFFICE,0.8,ADMINISTRATIVE,Low,EP47498,2024-06-14,2026-01-01,2026-08-14,ADMINISTRATIVE,10.168.125.147
D0398,EHR Workstation,Athenahealth,EHR-584,DOCTOR_OFFICE,0.8,ADMINISTRATIVE,Low,AT14910,2021-05-13,2026-02-01,2026-08-18,ADMINISTRATIVE,10.10.102.228
D0399,EHR Workstation,Allscripts,EHR-807,DOCTOR_OFFICE,0.8,ADMINISTRATIVE,Low,AL41139,2020-12-16,2025-12-31,2026-08-11,ADMINISTRATIVE,10.6.87.210
D0400,EHR Workstation,Allscripts,EHR-418,DOCTOR_OFFICE,0.8,ADMINISTRATIVE,Low,AL46745,2023-12-22,2026-02-12,2026-07-05,ADMINISTRATIVE,10.35.77.250
D0401,EHR Workstation,Meditech,EHR-892,DOCTOR_OFFICE,0.8,ADMINISTRATIVE,Low,ME52056,2022-12-14,2026-02-15,2026-06-25,ADMINISTRATIVE,10.114.55.234
D0402,EHR Workstation,Meditech,EHR-858,DOCTOR_OFFICE,0.8,ADMINISTRATIVE,Low,ME73499,2024-06-27,2026-02-23,2026-09-16,ADMINISTRATIVE,10.203.41.17
D0403,EHR Workstation,Allscripts,EHR-826,DOCTOR_OFFICE,0.8,ADMINISTRATIVE,Low,AL76426,2023-03-25,2025-10-26,2026-09-30,ADMINISTRATIVE,10.8.45.50
D0404,EHR Workstation,Cerner,EHR-957,DOCTOR_OFFICE,0.8,ADMINISTRATIVE,Low,CE17553,2021-01-15,2026-02-25,2026-08-08,ADMINISTRATIVE,10.181.51.71
D0405,EHR Workstation,Allscripts,EHR-943,DOCTOR_OFFICE,0.8,ADMINISTRATIVE,Low,AL70846,2024-07-21,2026-02-06,2026-05-15,ADMINISTRATIVE,10.62.96.126
D0406,EHR Workstation,Athenahealth,EHR-556,DOCTOR_OFFICE,0.8,ADMINISTRATIVE,Low,AT33276,2023-10-18,2025-12-10,2026-08-04,ADMINISTRATIVE,10.42.215.229
D0407,EHR Workstation,Allscripts,EHR-866,DOCTOR_OFFICE,0.8,ADMINISTRATIVE,Low,AL21847,2022-01-13,2026-02-25,2026-06-18,ADMINISTRATIVE,10.219.147.200
D0408,EHR Workstation,Cerner,EHR-977,DOCTOR_OFFICE,0.8,ADMINISTRATIVE,Low,CE39012,2021-11-07,2025-12-31,2026-08-20,ADMINISTRATIVE,10.132.6.222
D0409,EHR Workstation,Epic,EHR-585,DOCTOR_OFFICE,0.8,ADMINISTRATIVE,Low,EP27342,2021-10-26,2026-03-07,2026-07-04,ADMINISTRATIVE,10.65.156.207
D0410,EHR Workstation,Allscripts,EHR-829,DOCTOR_OFFICE,0.8,ADMINISTRATIVE,Low,AL94245,2022-07-13,2025-12-10,2026-09-02,ADMINISTRATIVE,10.65.56.120
D0411,EHR Workstation,Allscripts,EHR-793,DOCTOR_OFFICE,0.8,ADMINISTRATIVE,Low,AL78241,2024-07-19,2026-02-11,2026-05-09,ADMINISTRATIVE,10.131.170.248
D0412,EHR Workstation,Allscripts,EHR-674,DOCTOR_OFFICE,0.8,ADMINISTRATIVE,Low,AL94848,2024-10-10,2025-12-23,2026-06-04,ADMINISTRATIVE,10.124.17.87
D0413,EHR Workstation,Allscripts,EHR-755,DOCTOR_OFFICE,0.8,ADMINISTRATIVE,Low,AL52616,2022-05-21,2025-12-23,2026-06-25,ADMINISTRATIVE,10.39.133.196
D0414,EHR Workstation,Cerner,EHR-158,DOCTOR_OFFICE,0.8,ADMINISTRATIVE,Low,CE88647,2023-11-11,2026-02-02,2026-05-14,ADMINISTRATIVE,10.168.128.76
D0415,EHR Workstation,Allscripts,EHR-528,DOCTOR_OFFICE,0.8,ADMINISTRATIVE,Low,AL63031,2023-12-02,2025-10-11,2026-10-01,ADMINISTRATIVE,10.209.49.88
D0416,EHR Workstation,Cerner,EHR-802,DOCTOR_OFFICE,0.8,ADMINISTRATIVE,Low,CE80075,2023-11-12,2025-10-31,2026-07-23,ADMINISTRATIVE,10.217.44.216
D0417,EHR Workstation,Athenahealth,EHR-285,DOCTOR_OFFICE,0.8,ADMINISTRATIVE,Low,AT48506,2020-08-05,2026-01-02,2026-09-28,ADMINISTRATIVE,10.196.234.47
D0418,EHR Workstation,Allscripts,EHR-770,DOCTOR_OFFICE,0.8,ADMINISTRATIVE,Low,AL21704,2021-06-08,2025-12-21,2026-08-23,ADMINISTRATIVE,10.202.228.85
D0419,EHR Workstation,Allscripts,EHR-366,DOCTOR_OFFICE,0.8,ADMINISTRATIVE,Low,AL86751,2022-08-28,2026-02-07,2026-09-05,ADMINISTRATIVE,10.14.222.163
D0420,EHR Workstation,Athenahealth,EHR-694,DOCTOR_OFFICE,0.8,ADMINISTRATIVE,Low,AT91350,2020-08-07,2025-11-01,2026-06-07,ADMINISTRATIVE,10.223.175.98
D0421,EHR Workstation,Athenahealth,EHR-405,DOCTOR_OFFICE,0.8,ADMINISTRATIVE,Low,AT64146,2020-03-05,2026-01-17,2026-08-03,ADMINISTRATIVE,10.105.253.146
D0422,EHR Workstation,Meditech,EHR-246,DOCTOR_OFFICE,0.8,ADMINISTRATIVE,Low,ME51469,2021-02-16,2025-12-14,2026-06-22,ADMINISTRATIVE,10.81.163.15
D0423,EHR Workstation,Epic,EHR-562,DOCTOR_OFFICE,0.8,ADMINISTRATIVE,Low,EP45851,2021-03-19,2026-01-28,2026-09-10,ADMINISTRATIVE,10.202.196.200
D0424,EHR Workstation,Epic,EHR-232,DOCTOR_OFFICE,0.8,ADMINISTRATIVE,Low,EP90541,2023-11-14,2025-11-26,2026-08-25,ADMINISTRATIVE,10.248.123.99
D0425,EHR Workstation,Epic,EHR-138,DOCTOR_OFFICE,0.8,ADMINISTRATIVE,Low,EP79963,2021-12-12,2026-03-06,2026-07-29,ADMINISTRATIVE,10.194.214.136
D0426,EHR Workstation,Cerner,EHR-118,DOCTOR_OFFICE,0.8,ADMINISTRATIVE,Low,CE98702,2020-11-24,2026-01-05,2026-07-04,ADMINISTRATIVE,10.178.225.89
D0427,EHR Workstation,Allscripts,EHR-232,DOCTOR_OFFICE,0.8,ADMINISTRATIVE,Low,AL23462,2023-09-19,2025-12-21,2026-06-19,ADMINISTRATIVE,10.17.211.12
D0428,EHR Workstation,Allscripts,EHR-397,DOCTOR_OFFICE,0.8,ADMINISTRATIVE,Low,AL69759,2024-10-17,2025-12-13,2026-08-27,ADMINISTRATIVE,10.228.176.255
D0429,EHR Workstation,Cerner,EHR-450,GENERAL_WARD,1.0,ADMINISTRATIVE,Low,CE74248,2022-04-06,2025-11-26,2026-05-12,GENERAL,10.59.58.187
D0430,EHR Workstation,Cerner,EHR-316,GENERAL_WARD,1.0,ADMINISTRATIVE,Low,CE12872,2024-09-06,2026-02-06,2026-08-09,GENERAL,10.183.167.203
D0431,EHR Workstation,Epic,EHR-484,GENERAL_WARD,1.0,ADMINISTRATIVE,Low,EP93928,2022-09-20,2026-02-25,2026-05-20,GENERAL,10.170.28.168
D0432,EHR Workstation,Epic,EHR-149,GENERAL_WARD,1.0,ADMINISTRATIVE,Low,EP25176,2023-08-13,2026-02-06,2026-09-25,GENERAL,10.65.122.180
D0433,EHR Workstation,Cerner,EHR-310,GENERAL_WARD,1.0,ADMINISTRATIVE,Low,CE99881,2020-05-14,2026-02-12,2026-09-18,GENERAL,10.70.160.156
D0434,EHR Workstation,Cerner,EHR-528,GENERAL_WARD,1.0,ADMINISTRATIVE,Low,CE23751,2024-12-20,2026-02-07,2026-07-19,GENERAL,10.30.201.28
D0435,EHR Workstation,Meditech,EHR-303,GENERAL_WARD,1.0,ADMINISTRATIVE,Low,ME89823,2021-05-27,2025-10-27,2026-06-28,GENERAL,10.92.181.105
D0436,EHR Workstation,Allscripts,EHR-264,GENERAL_WARD,1.0,ADMINISTRATIVE,Low,AL15164,2024-08-07,2025-11-06,2026-07-31,GENERAL,10.61.1.4
D0437,EHR Workstation,Epic,EHR-213,GENERAL_WARD,1.0,ADMINISTRATIVE,Low,EP85255,2023-03-03,2025-10-30,2026-05-27,GENERAL,10.186.186.26
D0438,EHR Workstation,Allscripts,EHR-759,GENERAL_WARD,1.0,ADMINISTRATIVE,Low,AL40298,2023-05-09,2025-11-11,2026-05-20,GENERAL,10.26.209.45
D0439,EHR Workstation,Epic,EHR-972,GENERAL_WARD,1.0,ADMINISTRATIVE,Low,EP48085,2022-11-11,2025-11-20,2026-06-06,GENERAL,10.25.218.195
D0440,EHR Workstation,Epic,EHR-109,GENERAL_WARD,1.0,ADMINISTRATIVE,Low,EP28139,2021-06-12,2025-11-17,2026-07-15,GENERAL,10.225.188.24
D0441,EHR Workstation,Allscripts,EHR-934,GENERAL_WARD,1.0,ADMINISTRATIVE,Low,AL54921,2021-02-13,2025-11-27,2026-09-01,GENERAL,10.70.214.99
D0442,EHR Workstation,Meditech,EHR-919,GENERAL_WARD,1.0,ADMINISTRATIVE,Low,ME65278,2021-02-05,2026-02-22,2026-06-17,GENERAL,10.27.107.234
D0443,EHR Workstation,Athenahealth,EHR-594,GENERAL_WARD,1.0,ADMINISTRATIVE,Low,AT84572,2023-03-20,2025-12-02,2026-08-07,GENERAL,10.157.8.221
D0444,EHR Workstation,Cerner,EHR-594,GENERAL_WARD,1.0,ADMINISTRATIVE,Low,CE73979,2020-07-15,2026-02-26,2026-05-24,GENERAL,10.67.168.81
D0445,EHR Workstation,Epic,EHR-821,GENERAL_WARD,1.0,ADMINISTRATIVE,Low,EP98857,2024-12-19,2025-10-16,2026-07-04,GENERAL,10.251.245.172
D0446,EHR Workstation,Allscripts,EHR-631,GENERAL_WARD,1.0,ADMINISTRATIVE,Low,AL78564,2024-02-14,2026-01-05,2026-09-08,GENERAL,10.89.170.174
D0447,EHR Workstation,Meditech,EHR-252,GENERAL_WARD,1.0,ADMINISTRATIVE,Low,ME83183,2024-01-01,2026-01-28,2026-09-14,GENERAL,10.218.121.219
D0448,EHR Workstation,Meditech,EHR-990,GENERAL_WARD,1.0,ADMINISTRATIVE,Low,ME31679,2020-08-11,2026-01-07,2026-07-31,GENERAL,10.249.72.13
D0449,EHR Workstation,Athenahealth,EHR-328,GENERAL_WARD,1.0,ADMINISTRATIVE,Low,AT82154,2023-07-27,2026-01-08,2026-05-28,GENERAL,10.118.114.206
D0450,EHR Workstation,Athenahealth,EHR-558,GENERAL_WARD,1.0,ADMINISTRATIVE,Low,AT21536,2023-08-11,2026-02-07,2026-09-12,GENERAL,10.191.168.5
D0451,EHR Workstation,Epic,EHR-513,GENERAL_WARD,1.0,ADMINISTRATIVE,Low,EP64046,2020-09-18,2026-03-09,2026-05-31,GENERAL,10.203.155.247
D0452,EHR Workstation,Athenahealth,EHR-752,GENERAL_WARD,1.0,ADMINISTRATIVE,Low,AT49924,2024-09-07,2025-11-13,2026-08-03,GENERAL,10.94.212.14
D0453,EHR Workstation,Cerner,EHR-964,GENERAL_WARD,1.0,ADMINISTRATIVE,Low,CE69566,2022-09-25,2025-11-08,2026-08-09,GENERAL,10.184.116.30
D0454,EHR Workstation,Epic,EHR-877,GENERAL_WARD,1.0,ADMINISTRATIVE,Low,EP96364,2021-01-11,2025-12-09,2026-07-21,GENERAL,10.141.134.96
D0455,EHR Workstation,Epic,EHR-146,GENERAL_WARD,1.0,ADMINISTRATIVE,Low,EP31516,2023-03-27,2025-11-25,2026-06-04,GENERAL,10.66.157.51
D0456,EHR Workstation,Cerner,EHR-223,GENERAL_WARD,1.0,ADMINISTRATIVE,Low,CE61497,2021-08-27,2026-01-20,2026-08-02,GENERAL,10.28.194.107
D0457,EHR Workstation,Epic,EHR-748,GENERAL_WARD,1.0,ADMINISTRATIVE,Low,EP98098,2024-02-25,2025-11-14,2026-09-02,GENERAL,10.169.151.245
D0458,EHR Workstation,Athenahealth,EHR-237,GENERAL_WARD,1.0,ADMINISTRATIVE,Low,AT75382,2020-09-24,2026-02-25,2026-09-26,GENERAL,10.240.111.215
D0459,EHR Workstation,Athenahealth,EHR-594,GENERAL_WARD,1.0,ADMINISTRATIVE,Low,AT76628,2021-12-19,2026-01-24,2026-06-09,GENERAL,10.27.100.169
D0460,EHR Workstation,Athenahealth,EHR-720,GENERAL_WARD,1.0,ADMINISTRATIVE,Low,AT52184,2024-07-14,2026-01-05,2026-07-17,GENERAL,10.102.247.88
D0461,EHR Workstation,Allscripts,EHR-563,GENERAL_WARD,1.0,ADMINISTRATIVE,Low,AL27481,2021-07-20,2025-10-29,2026-07-23,GENERAL,10.216.180.141
D0462,EHR Workstation,Allscripts,EHR-828,GENERAL_WARD,1.0,ADMINISTRATIVE,Low,AL82559,2021-04-07,2025-12-25,2026-08-04,GENERAL,10.236.173.34
D0463,EHR Workstation,Cerner,EHR-615,GENERAL_WARD,1.0,ADMINISTRATIVE,Low,CE81105,2022-12-04,2025-12-09,2026-09-28,GENERAL,10.123.150.147
D0464,EHR Workstation,Meditech,EHR-790,GENERAL_WARD,1.0,ADMINISTRATIVE,Low,ME79979,2022-07-26,2026-03-06,2026-09-18,GENERAL,10.28.7.98
D0465,EHR Workstation,Cerner,EHR-154,GENERAL_WARD,1.0,ADMINISTRATIVE,Low,CE97851,2020-04-09,2026-01-27,2026-07-20,GENERAL,10.175.65.38
D0466,EHR Workstation,Epic,EHR-807,GENERAL_WARD,1.0,ADMINISTRATIVE,Low,EP48684,2021-09-02,2025-12-08,2026-08-31,GENERAL,10.27.158.223
D0467,EHR Workstation,Athenahealth,EHR-985,GENERAL_WARD,1.0,ADMINISTRATIVE,Low,AT39400,2024-07-08,2025-10-30,2026-07-20,GENERAL,10.178.171.13
D0468,EHR Workstation,Meditech,EHR-496,GENERAL_WARD,1.0,ADMINISTRATIVE,Low,ME64600,2022-09-02,2026-03-06,2026-07-11,GENERAL,10.52.159.223
D0469,EHR Workstation,Meditech,EHR-949,GENERAL_WARD,1.0,ADMINISTRATIVE,Low,ME39563,2022-10-18,2026-01-18,2026-06-26,GENERAL,10.76.115.46
D0470,EHR Workstation,Epic,EHR-291,GENERAL_WARD,1.0,ADMINISTRATIVE,Low,EP32779,2024-02-13,2026-02-27,2026-08-25,GENERAL,10.72.143.68
D0471,EHR Workstation,Cerner,EHR-264,GENERAL_WARD,1.0,ADMINISTRATIVE,Low,CE86544,2022-01-11,2025-11-10,2026-06-16,GENERAL,10.11.40.238
D0472,EHR Workstation,Allscripts,EHR-711,GENERAL_WARD,1.0,ADMINISTRATIVE,Low,AL16665,2024-11-10,2025-11-04,2026-10-01,GENERAL,10.141.92.19
D0473,EHR Workstation,Allscripts,EHR-638,GENERAL_WARD,1.0,ADMINISTRATIVE,Low,AL38830,2021-09-03,2025-10-31,2026-06-17,GENERAL,10.107.140.138
